7.077234076536935845e+02	2.000000000000000000e+01
7.077535145072063187e+02	6.000000000000000000e+01
7.077836203031851028e+02	0.000000000000000000e+00
7.078137250414681603e+02	8.000000000000000000e+01
7.078438287218937148e+02	0.000000000000000000e+00
7.078739313443004448e+02	4.000000000000000000e+01
7.079040329085265739e+02	0.000000000000000000e+00
7.079341334144108941e+02	-6.000000000000000000e+01
7.079642328617917428e+02	-2.000000000000000000e+01
7.079943312505076847e+02	6.000000000000000000e+01
7.080244285803971707e+02	0.000000000000000000e+00
7.080545248512987655e+02	-4.000000000000000000e+01
7.080846200630512612e+02	-2.000000000000000000e+01
7.081147142154929952e+02	-2.000000000000000000e+01
7.081448073084626458e+02	-4.000000000000000000e+01
7.081748993417991187e+02	-6.000000000000000000e+01
7.082049903153407513e+02	-4.000000000000000000e+01
7.082350802289263356e+02	8.000000000000000000e+01
7.082651690823947774e+02	-4.000000000000000000e+01
7.082952568755844140e+02	2.000000000000000000e+01
7.083253436083343786e+02	-4.000000000000000000e+01
7.083554292804832357e+02	0.000000000000000000e+00
7.083855138918697776e+02	-2.000000000000000000e+01
7.084155974423329098e+02	0.000000000000000000e+00
7.084456799317114246e+02	-6.000000000000000000e+01
7.084757613598441139e+02	-2.000000000000000000e+01
7.085058417265699973e+02	-6.000000000000000000e+01
7.085359210317277530e+02	-4.000000000000000000e+01
7.085659992751564005e+02	8.000000000000000000e+01
7.085960764566950729e+02	6.000000000000000000e+01
7.086261525761824487e+02	6.000000000000000000e+01
7.086562276334575472e+02	4.000000000000000000e+01
7.086863016283596153e+02	4.000000000000000000e+01
7.087163745607272176e+02	0.000000000000000000e+00
7.087464464304000558e+02	0.000000000000000000e+00
7.087765172372164670e+02	2.000000000000000000e+01
7.088065869810158119e+02	-2.000000000000000000e+01
7.088366556616373373e+02	-2.000000000000000000e+01
7.088667232789201762e+02	6.000000000000000000e+01
7.088967898327033481e+02	6.000000000000000000e+01
7.089268553228259861e+02	0.000000000000000000e+00
7.089569197491273371e+02	-2.000000000000000000e+01
7.089869831114465342e+02	2.000000000000000000e+01
7.090170454096228241e+02	6.000000000000000000e+01
7.090471066434955674e+02	-6.000000000000000000e+01
7.090771668129041245e+02	-2.000000000000000000e+01
7.091072259176875150e+02	-4.000000000000000000e+01
7.091372839576850993e+02	6.000000000000000000e+01
7.091673409327361242e+02	-2.000000000000000000e+01
7.091973968426802912e+02	-4.000000000000000000e+01
7.092274516873566199e+02	4.000000000000000000e+01
7.092575054666049255e+02	-6.000000000000000000e+01
7.092875581802639999e+02	0.000000000000000000e+00
7.093176098281739996e+02	0.000000000000000000e+00
7.093476604101736029e+02	-6.000000000000000000e+01
7.093777099261028525e+02	1.000000000000000000e+02
7.094077583758011087e+02	8.000000000000000000e+01
7.094378057591079596e+02	-2.000000000000000000e+01
7.094678520758627656e+02	4.000000000000000000e+01
7.094978973259051145e+02	0.000000000000000000e+00
7.095279415090745943e+02	2.000000000000000000e+01
7.095579846252109064e+02	-4.000000000000000000e+01
7.095880266741537525e+02	-6.000000000000000000e+01
7.096180676557424931e+02	0.000000000000000000e+00
7.096481075698170571e+02	0.000000000000000000e+00
7.096781464162168049e+02	2.000000000000000000e+01
7.097081841947818930e+02	-4.000000000000000000e+01
7.097382209053517954e+02	0.000000000000000000e+00
7.097682565477661001e+02	0.000000000000000000e+00
7.097982911218649633e+02	-1.200000000000000000e+02
7.098283246274878593e+02	4.000000000000000000e+01
7.098583570644746032e+02	6.000000000000000000e+01
7.098883884326651241e+02	4.000000000000000000e+01
7.099184187318994645e+02	2.000000000000000000e+01
7.099484479620172124e+02	6.000000000000000000e+01
7.099784761228584102e+02	2.000000000000000000e+01
7.100085032142628734e+02	1.000000000000000000e+02
7.100385292360706444e+02	8.000000000000000000e+01
7.100685541881215386e+02	6.000000000000000000e+01
7.100985780702557122e+02	-6.000000000000000000e+01
7.101286008823130942e+02	2.000000000000000000e+01
7.101586226241333861e+02	0.000000000000000000e+00
7.101886432955573127e+02	6.000000000000000000e+01
7.102186628964243482e+02	2.000000000000000000e+01
7.102486814265747626e+02	6.000000000000000000e+01
7.102786988858488257e+02	-4.000000000000000000e+01
7.103087152740863530e+02	-4.000000000000000000e+01
7.103387305911278418e+02	-6.000000000000000000e+01
7.103687448368131072e+02	2.000000000000000000e+01
7.103987580109824194e+02	-2.000000000000000000e+01
7.104287701134761619e+02	-6.000000000000000000e+01
7.104587811441344911e+02	-2.000000000000000000e+01
7.104887911027977907e+02	6.000000000000000000e+01
7.105187999893058759e+02	-2.000000000000000000e+01
7.105488078034994714e+02	0.000000000000000000e+00
7.105788145452187337e+02	-6.000000000000000000e+01
7.106088202143040462e+02	-2.000000000000000000e+01
7.106388248105959065e+02	0.000000000000000000e+00
7.106688283339342433e+02	4.000000000000000000e+01
7.106988307841597816e+02	0.000000000000000000e+00
7.107288321611131323e+02	-2.000000000000000000e+01
7.107588324646343381e+02	0.000000000000000000e+00
7.107888316945640099e+02	0.000000000000000000e+00
7.108188298507426452e+02	-6.000000000000000000e+01
7.108488269330108551e+02	0.000000000000000000e+00
7.108788229412089095e+02	0.000000000000000000e+00
7.109088178751775331e+02	4.000000000000000000e+01
7.109388117347572233e+02	-6.000000000000000000e+01
7.109688045197887050e+02	-4.000000000000000000e+01
7.109987962301123616e+02	-2.000000000000000000e+01
7.110287868655690318e+02	4.000000000000000000e+01
7.110587764259992127e+02	0.000000000000000000e+00
7.110887649112437430e+02	2.000000000000000000e+01
7.111187523211432335e+02	2.000000000000000000e+01
7.111487386555381818e+02	4.000000000000000000e+01
7.111787239142697672e+02	6.000000000000000000e+01
7.112087080971783735e+02	-6.000000000000000000e+01
7.112386912041048390e+02	-4.000000000000000000e+01
7.112686732348902297e+02	0.000000000000000000e+00
7.112986541893749290e+02	1.200000000000000000e+02
7.113286340674000030e+02	8.000000000000000000e+01
7.113586128688065173e+02	4.000000000000000000e+01
7.113885905934350831e+02	1.000000000000000000e+02
7.114185672411266523e+02	6.000000000000000000e+01
7.114485428117221772e+02	8.000000000000000000e+01
7.114785173050627236e+02	4.000000000000000000e+01
7.115084907209890162e+02	6.000000000000000000e+01
7.115384630593421207e+02	2.000000000000000000e+01
7.115684343199632167e+02	0.000000000000000000e+00
7.115984045026930289e+02	-2.000000000000000000e+01
7.116283736073729642e+02	-4.000000000000000000e+01
7.116583416338438610e+02	6.000000000000000000e+01
7.116883085819467851e+02	-2.000000000000000000e+01
7.117182744515231434e+02	2.000000000000000000e+01
7.117482392424136606e+02	4.000000000000000000e+01
7.117782029544598572e+02	0.000000000000000000e+00
7.118081655875026854e+02	8.000000000000000000e+01
7.118381271413834384e+02	-2.000000000000000000e+01
7.118680876159434092e+02	4.000000000000000000e+01
7.118980470110236638e+02	0.000000000000000000e+00
7.119280053264653816e+02	1.000000000000000000e+02
7.119579625621103105e+02	2.000000000000000000e+01
7.119879187177992890e+02	6.000000000000000000e+01
7.120178737933739512e+02	-4.000000000000000000e+01
7.120478277886753631e+02	-2.000000000000000000e+01
7.120777807035451588e+02	4.000000000000000000e+01
7.121077325378245177e+02	0.000000000000000000e+00
7.121376832913549606e+02	0.000000000000000000e+00
7.121676329639780079e+02	6.000000000000000000e+01
7.121975815555350664e+02	0.000000000000000000e+00
7.122275290658673157e+02	8.000000000000000000e+01
7.122574754948167310e+02	4.000000000000000000e+01
7.122874208422243782e+02	8.000000000000000000e+01
7.123173651079321189e+02	2.000000000000000000e+01
7.123473082917815873e+02	4.000000000000000000e+01
7.123772503936139628e+02	6.000000000000000000e+01
7.124071914132713346e+02	8.000000000000000000e+01
7.124371313505947683e+02	6.000000000000000000e+01
7.124670702054262392e+02	4.000000000000000000e+01
7.124970079776076091e+02	0.000000000000000000e+00
7.125269446669801710e+02	8.000000000000000000e+01
7.125568802733857865e+02	-4.000000000000000000e+01
7.125868147966663173e+02	4.000000000000000000e+01
7.126167482366633976e+02	8.000000000000000000e+01
7.126466805932187754e+02	2.000000000000000000e+01
7.126766118661743121e+02	-2.000000000000000000e+01
7.127065420553717559e+02	-4.000000000000000000e+01
7.127364711606528545e+02	6.000000000000000000e+01
7.127663991818599243e+02	-8.000000000000000000e+01
7.127963261188341448e+02	6.000000000000000000e+01
7.128262519714179462e+02	8.000000000000000000e+01
7.128561767394531898e+02	6.000000000000000000e+01
7.128861004227816238e+02	4.000000000000000000e+01
7.129160230212452234e+02	0.000000000000000000e+00
7.129459445346863049e+02	8.000000000000000000e+01
7.129758649629463889e+02	6.000000000000000000e+01
7.130057843058677918e+02	4.000000000000000000e+01
7.130357025632926025e+02	2.000000000000000000e+01
7.130656197350629100e+02	-2.000000000000000000e+01
7.130955358210204622e+02	-2.000000000000000000e+01
7.131254508210078029e+02	6.000000000000000000e+01
7.131553647348669074e+02	-4.000000000000000000e+01
7.131852775624397509e+02	6.000000000000000000e+01
7.132151893035687635e+02	2.000000000000000000e+01
7.132450999580960342e+02	6.000000000000000000e+01
7.132750095258638794e+02	1.000000000000000000e+02
7.133049180067145016e+02	0.000000000000000000e+00
7.133348254004901037e+02	-2.000000000000000000e+01
7.133647317070330018e+02	0.000000000000000000e+00
7.133946369261852851e+02	0.000000000000000000e+00
7.134245410577898383e+02	4.000000000000000000e+01
7.134544441016884093e+02	0.000000000000000000e+00
7.134843460577237693e+02	4.000000000000000000e+01
7.135142469257381208e+02	6.000000000000000000e+01
7.135441467055740077e+02	-2.000000000000000000e+01
7.135740453970738599e+02	1.200000000000000000e+02
7.136039430000799939e+02	-6.000000000000000000e+01
7.136338395144348397e+02	-8.000000000000000000e+01
7.136637349399812820e+02	-2.000000000000000000e+01
7.136936292765612961e+02	1.000000000000000000e+02
7.137235225240177670e+02	2.000000000000000000e+01
7.137534146821933518e+02	4.000000000000000000e+01
7.137833057509303671e+02	0.000000000000000000e+00
7.138131957300715840e+02	4.000000000000000000e+01
7.138430846194595460e+02	4.000000000000000000e+01
7.138729724189371382e+02	0.000000000000000000e+00
7.139028591283465630e+02	1.400000000000000000e+02
7.139327447475308190e+02	8.000000000000000000e+01
7.139626292763327911e+02	2.000000000000000000e+01
7.139925127145947954e+02	8.000000000000000000e+01
7.140223950621599442e+02	1.200000000000000000e+02
7.140522763188707813e+02	6.000000000000000000e+01
7.140821564845703051e+02	4.000000000000000000e+01
7.141120355591011730e+02	8.000000000000000000e+01
7.141419135423062698e+02	-4.000000000000000000e+01
7.141717904340285941e+02	6.000000000000000000e+01
7.142016662341109168e+02	1.200000000000000000e+02
7.142315409423961228e+02	8.000000000000000000e+01
7.142614145587270968e+02	1.200000000000000000e+02
7.142912870829469512e+02	2.000000000000000000e+01
7.143211585148986842e+02	-1.000000000000000000e+02
7.143510288544249534e+02	8.000000000000000000e+01
7.143808981013690982e+02	4.000000000000000000e+01
7.144107662555740035e+02	-2.000000000000000000e+01
7.144406333168827814e+02	6.000000000000000000e+01
7.144704992851384304e+02	6.000000000000000000e+01
7.145003641601844038e+02	6.000000000000000000e+01
7.145302279418634726e+02	4.000000000000000000e+01
7.145600906300187489e+02	2.000000000000000000e+01
7.145899522244934587e+02	1.200000000000000000e+02
7.146198127251309415e+02	8.000000000000000000e+01
7.146496721317743095e+02	0.000000000000000000e+00
7.146795304442667884e+02	2.000000000000000000e+01
7.147093876624516042e+02	2.000000000000000000e+01
7.147392437861722101e+02	1.000000000000000000e+02
7.147690988152716045e+02	2.000000000000000000e+01
7.147989527495934681e+02	-4.000000000000000000e+01
7.148288055889806856e+02	6.000000000000000000e+01
7.148586573332769376e+02	1.000000000000000000e+02
7.148885079823256774e+02	2.000000000000000000e+01
7.149183575359699034e+02	6.000000000000000000e+01
7.149482059940534100e+02	4.000000000000000000e+01
7.149780533564195366e+02	1.000000000000000000e+02
7.150078996229118502e+02	6.000000000000000000e+01
7.150377447933736903e+02	1.200000000000000000e+02
7.150675888676485101e+02	1.200000000000000000e+02
7.150974318455799903e+02	2.000000000000000000e+01
7.151272737270116977e+02	1.200000000000000000e+02
7.151571145117870856e+02	6.000000000000000000e+01
7.151869541997498345e+02	1.200000000000000000e+02
7.152167927907436251e+02	2.000000000000000000e+01
7.152466302846120243e+02	1.000000000000000000e+02
7.152764666811985990e+02	4.000000000000000000e+01
7.153063019803472571e+02	1.000000000000000000e+02
7.153361361819016793e+02	2.000000000000000000e+01
7.153659692857053187e+02	1.200000000000000000e+02
7.153958012916019698e+02	2.000000000000000000e+01
7.154256321994358814e+02	1.200000000000000000e+02
7.154554620090502794e+02	2.000000000000000000e+01
7.154852907202892993e+02	2.000000000000000000e+01
7.155151183329966216e+02	1.200000000000000000e+02
7.155449448470161542e+02	2.000000000000000000e+01
7.155747702621918052e+02	8.000000000000000000e+01
7.156045945783675961e+02	1.200000000000000000e+02
7.156344177953872077e+02	6.000000000000000000e+01
7.156642399130945478e+02	4.000000000000000000e+01
7.156940609313339792e+02	2.000000000000000000e+01
7.157238808499490688e+02	2.000000000000000000e+01
7.157536996687839519e+02	6.000000000000000000e+01
7.157835173876829913e+02	-2.000000000000000000e+01
7.158133340064896402e+02	8.000000000000000000e+01
7.158431495250483749e+02	6.000000000000000000e+01
7.158729639432034446e+02	6.000000000000000000e+01
7.159027772607984161e+02	2.000000000000000000e+01
7.159325894776778796e+02	4.000000000000000000e+01
7.159624005936858566e+02	1.200000000000000000e+02
7.159922106086665963e+02	1.200000000000000000e+02
7.160220195224641202e+02	4.000000000000000000e+01
7.160518273349227911e+02	1.600000000000000000e+02
7.160816340458868581e+02	6.000000000000000000e+01
7.161114396552006838e+02	2.000000000000000000e+01
7.161412441627084036e+02	1.400000000000000000e+02
7.161710475682544939e+02	4.000000000000000000e+01
7.162008498716828626e+02	6.000000000000000000e+01
7.162306510728383273e+02	8.000000000000000000e+01
7.162604511715653643e+02	1.200000000000000000e+02
7.162902501677079954e+02	4.000000000000000000e+01
7.163200480611108105e+02	1.000000000000000000e+02
7.163498448516181725e+02	1.200000000000000000e+02
7.163796405390745576e+02	1.200000000000000000e+02
7.164094351233246698e+02	2.000000000000000000e+02
7.164392286042126443e+02	4.000000000000000000e+01
7.164690209815835260e+02	6.000000000000000000e+01
7.164988122552812229e+02	2.000000000000000000e+01
7.165286024251511208e+02	6.000000000000000000e+01
7.165583914910369003e+02	6.000000000000000000e+01
7.165881794527838338e+02	0.000000000000000000e+00
7.166179663102363975e+02	1.000000000000000000e+02
7.166477520632391816e+02	8.000000000000000000e+01
7.166775367116370035e+02	2.000000000000000000e+01
7.167073202552743396e+02	1.000000000000000000e+02
7.167371026939962348e+02	1.200000000000000000e+02
7.167668840276470519e+02	-2.000000000000000000e+01
7.167966642560719492e+02	0.000000000000000000e+00
7.168264433791152896e+02	6.000000000000000000e+01
7.168562213966225727e+02	1.600000000000000000e+02
7.168859983084378200e+02	6.000000000000000000e+01
7.169157741144065312e+02	1.000000000000000000e+02
7.169455488143731827e+02	1.000000000000000000e+02
7.169753224081828193e+02	2.000000000000000000e+02
7.170050948956805996e+02	2.000000000000000000e+02
7.170348662767110000e+02	2.000000000000000000e+02
7.170646365511195199e+02	1.400000000000000000e+02
7.170944057187508633e+02	1.400000000000000000e+02
7.171241737794498476e+02	8.000000000000000000e+01
7.171539407330618587e+02	1.000000000000000000e+02
7.171837065794318278e+02	1.000000000000000000e+02
7.172134713184045722e+02	1.000000000000000000e+02
7.172432349498257054e+02	1.200000000000000000e+02
7.172729974735400447e+02	1.200000000000000000e+02
7.173027588893926350e+02	1.000000000000000000e+02
7.173325191972288621e+02	8.000000000000000000e+01
7.173622783968939984e+02	1.200000000000000000e+02
7.173920364882328613e+02	1.000000000000000000e+02
7.174217934710910640e+02	8.000000000000000000e+01
7.174515493453137651e+02	1.000000000000000000e+02
7.174813041107460094e+02	8.000000000000000000e+01
7.175110577672334102e+02	6.000000000000000000e+01
7.175408103146210124e+02	4.000000000000000000e+01
7.175705617527543154e+02	2.400000000000000000e+02
7.176003120814787053e+02	1.400000000000000000e+02
7.176300613006395679e+02	1.800000000000000000e+02
7.176598094100822891e+02	2.200000000000000000e+02
7.176895564096521412e+02	1.000000000000000000e+02
7.177193022991949647e+02	2.000000000000000000e+02
7.177490470785558045e+02	1.600000000000000000e+02
7.177787907475802740e+02	1.400000000000000000e+02
7.178085333061141000e+02	1.600000000000000000e+02
7.178382747540026685e+02	1.800000000000000000e+02
7.178680150910913653e+02	1.600000000000000000e+02
7.178977543172262585e+02	1.400000000000000000e+02
7.179274924322525067e+02	6.000000000000000000e+01
7.179572294360157230e+02	1.600000000000000000e+02
7.179869653283618618e+02	6.000000000000000000e+01
7.180167001091364227e+02	2.000000000000000000e+02
7.180464337781852464e+02	1.600000000000000000e+02
7.180761663353537188e+02	1.000000000000000000e+02
7.181058977804881351e+02	2.800000000000000000e+02
7.181356281134336541e+02	1.400000000000000000e+02
7.181653573340363437e+02	1.200000000000000000e+02
7.181950854421419308e+02	1.200000000000000000e+02
7.182248124375963698e+02	1.600000000000000000e+02
7.182545383202452740e+02	6.000000000000000000e+01
7.182842630899348251e+02	1.200000000000000000e+02
7.183139867465108637e+02	2.400000000000000000e+02
7.183437092898188894e+02	1.400000000000000000e+02
7.183734307197054250e+02	1.800000000000000000e+02
7.184031510360159700e+02	2.200000000000000000e+02
7.184328702385969336e+02	2.000000000000000000e+02
7.184625883272938154e+02	1.400000000000000000e+02
7.184923053019530244e+02	2.200000000000000000e+02
7.185220211624205149e+02	2.200000000000000000e+02
7.185517359085421276e+02	2.200000000000000000e+02
7.185814495401643853e+02	1.800000000000000000e+02
7.186111620571330150e+02	3.200000000000000000e+02
7.186408734592944256e+02	2.600000000000000000e+02
7.186705837464944580e+02	2.800000000000000000e+02
7.187002929185796347e+02	2.200000000000000000e+02
7.187300009753959102e+02	2.000000000000000000e+02
7.187597079167895799e+02	2.200000000000000000e+02
7.187894137426070529e+02	2.000000000000000000e+02
7.188191184526942834e+02	2.800000000000000000e+02
7.188488220468979080e+02	2.800000000000000000e+02
7.188785245250639946e+02	2.800000000000000000e+02
7.189082258870388387e+02	1.600000000000000000e+02
7.189379261326691903e+02	2.400000000000000000e+02
7.189676252618008903e+02	1.600000000000000000e+02
7.189973232742804612e+02	1.600000000000000000e+02
7.190270201699546533e+02	2.200000000000000000e+02
7.190567159486697619e+02	2.600000000000000000e+02
7.190864106102721962e+02	2.400000000000000000e+02
7.191161041546083652e+02	1.800000000000000000e+02
7.191457965815247917e+02	2.600000000000000000e+02
7.191754878908681121e+02	2.600000000000000000e+02
7.192051780824850766e+02	2.400000000000000000e+02
7.192348671562219806e+02	2.600000000000000000e+02
7.192645551119252332e+02	2.600000000000000000e+02
7.192942419494419255e+02	2.800000000000000000e+02
7.193239276686183530e+02	2.800000000000000000e+02
7.193536122693013795e+02	2.000000000000000000e+02
7.193832957513376414e+02	3.000000000000000000e+02
7.194129781145737752e+02	3.000000000000000000e+02
7.194426593588565311e+02	2.200000000000000000e+02
7.194723394840330002e+02	2.200000000000000000e+02
7.195020184899494780e+02	1.200000000000000000e+02
7.195316963764529419e+02	2.200000000000000000e+02
7.195613731433901421e+02	2.600000000000000000e+02
7.195910487906080562e+02	2.800000000000000000e+02
7.196207233179534342e+02	3.200000000000000000e+02
7.196503967252733673e+02	1.600000000000000000e+02
7.196800690124146058e+02	1.200000000000000000e+02
7.197097401792241271e+02	3.800000000000000000e+02
7.197394102255486814e+02	3.400000000000000000e+02
7.197690791512357009e+02	3.200000000000000000e+02
7.197987469561318221e+02	3.200000000000000000e+02
7.198284136400840225e+02	3.600000000000000000e+02
7.198580792029395070e+02	4.200000000000000000e+02
7.198877436445453668e+02	3.600000000000000000e+02
7.199174069647486931e+02	3.000000000000000000e+02
7.199470691633965771e+02	4.000000000000000000e+02
7.199767302403359963e+02	3.800000000000000000e+02
7.200063901954142693e+02	4.000000000000000000e+02
7.200360490284784873e+02	3.200000000000000000e+02
7.200657067393758552e+02	3.200000000000000000e+02
7.200953633279536916e+02	3.200000000000000000e+02
7.201250187940593150e+02	4.600000000000000000e+02
7.201546731375397030e+02	4.000000000000000000e+02
7.201843263582422878e+02	3.400000000000000000e+02
7.202139784560147291e+02	4.200000000000000000e+02
7.202436294307035496e+02	3.600000000000000000e+02
7.202732792821568637e+02	3.400000000000000000e+02
7.203029280102217626e+02	3.400000000000000000e+02
7.203325756147455650e+02	3.400000000000000000e+02
7.203622220955758166e+02	4.200000000000000000e+02
7.203918674525598362e+02	4.000000000000000000e+02
7.204215116855452834e+02	4.000000000000000000e+02
7.204511547943794767e+02	3.800000000000000000e+02
7.204807967789100758e+02	3.000000000000000000e+02
7.205104376389846266e+02	3.800000000000000000e+02
7.205400773744504477e+02	3.800000000000000000e+02
7.205697159851551987e+02	3.800000000000000000e+02
7.205993534709467667e+02	4.800000000000000000e+02
7.206289898316723566e+02	3.400000000000000000e+02
7.206586250671800826e+02	3.600000000000000000e+02
7.206882591773171498e+02	4.400000000000000000e+02
7.207178921619313314e+02	4.400000000000000000e+02
7.207475240208707419e+02	4.200000000000000000e+02
7.207771547539826997e+02	4.200000000000000000e+02
7.208067843611150920e+02	4.000000000000000000e+02
7.208364128421155783e+02	4.000000000000000000e+02
7.208660401968321594e+02	4.000000000000000000e+02
7.208956664251128359e+02	4.600000000000000000e+02
7.209252915268050401e+02	5.400000000000000000e+02
7.209549155017566591e+02	3.800000000000000000e+02
7.209845383498159208e+02	4.000000000000000000e+02
7.210141600708304850e+02	5.000000000000000000e+02
7.210437806646482386e+02	5.400000000000000000e+02
7.210734001311174097e+02	3.800000000000000000e+02
7.211030184700858854e+02	3.000000000000000000e+02
7.211326356814015526e+02	4.800000000000000000e+02
7.211622517649122983e+02	5.600000000000000000e+02
7.211918667204666917e+02	4.200000000000000000e+02
7.212214805479122788e+02	5.000000000000000000e+02
7.212510932470975149e+02	5.800000000000000000e+02
7.212807048178700597e+02	4.400000000000000000e+02
7.213103152600785961e+02	3.400000000000000000e+02
7.213399245735710110e+02	5.200000000000000000e+02
7.213695327581956462e+02	4.800000000000000000e+02
7.213991398138003888e+02	5.200000000000000000e+02
7.214287457402335804e+02	5.400000000000000000e+02
7.214583505373437902e+02	4.600000000000000000e+02
7.214879542049789052e+02	5.200000000000000000e+02
7.215175567429873809e+02	5.400000000000000000e+02
7.215471581512174453e+02	6.800000000000000000e+02
7.215767584295177812e+02	4.600000000000000000e+02
7.216063575777363894e+02	7.400000000000000000e+02
7.216359555957217253e+02	5.800000000000000000e+02
7.216655524833221307e+02	6.600000000000000000e+02
7.216951482403862883e+02	6.000000000000000000e+02
7.217247428667624263e+02	6.000000000000000000e+02
7.217543363622990000e+02	5.400000000000000000e+02
7.217839287268446924e+02	5.600000000000000000e+02
7.218135199602478451e+02	6.800000000000000000e+02
7.218431100623572547e+02	7.200000000000000000e+02
7.218726990330211493e+02	5.800000000000000000e+02
7.219022868720883253e+02	6.800000000000000000e+02
7.219318735794074655e+02	7.000000000000000000e+02
7.219614591548270255e+02	6.000000000000000000e+02
7.219910435981955743e+02	7.400000000000000000e+02
7.220206269093622495e+02	7.000000000000000000e+02
7.220502090881751656e+02	6.800000000000000000e+02
7.220797901344835736e+02	6.400000000000000000e+02
7.221093700481357018e+02	6.600000000000000000e+02
7.221389488289806877e+02	7.000000000000000000e+02
7.221685264768674415e+02	7.400000000000000000e+02
7.221981029916443049e+02	8.600000000000000000e+02
7.222276783731604155e+02	6.600000000000000000e+02
7.222572526212646835e+02	8.800000000000000000e+02
7.222868257358057917e+02	8.600000000000000000e+02
7.223163977166326504e+02	6.400000000000000000e+02
7.223459685635945107e+02	8.200000000000000000e+02
7.223755382765399418e+02	7.600000000000000000e+02
7.224051068553181949e+02	7.000000000000000000e+02
7.224346742997778392e+02	7.200000000000000000e+02
7.224642406097684670e+02	7.600000000000000000e+02
7.224938057851387612e+02	8.200000000000000000e+02
7.225233698257377455e+02	8.200000000000000000e+02
7.225529327314147849e+02	9.800000000000000000e+02
7.225824945020187897e+02	8.600000000000000000e+02
7.226120551373987837e+02	8.000000000000000000e+02
7.226416146374041318e+02	9.400000000000000000e+02
7.226711730018840854e+02	9.800000000000000000e+02
7.227007302306874408e+02	8.800000000000000000e+02
7.227302863236636767e+02	9.400000000000000000e+02
7.227598412806622719e+02	8.800000000000000000e+02
7.227893951015319089e+02	9.200000000000000000e+02
7.228189477861225214e+02	1.020000000000000000e+03
7.228484993342829057e+02	1.060000000000000000e+03
7.228780497458625405e+02	1.020000000000000000e+03
7.229075990207109044e+02	8.800000000000000000e+02
7.229371471586772486e+02	1.040000000000000000e+03
7.229666941596111656e+02	9.800000000000000000e+02
7.229962400233620201e+02	1.140000000000000000e+03
7.230257847497789498e+02	9.000000000000000000e+02
7.230553283387118881e+02	1.040000000000000000e+03
7.230848707900098589e+02	1.200000000000000000e+03
7.231144121035226817e+02	1.060000000000000000e+03
7.231439522791000627e+02	1.080000000000000000e+03
7.231734913165910257e+02	1.020000000000000000e+03
7.232030292158455040e+02	9.600000000000000000e+02
7.232325659767132038e+02	1.120000000000000000e+03
7.232621015990434898e+02	1.100000000000000000e+03
7.232916360826861819e+02	9.800000000000000000e+02
7.233211694274908723e+02	1.040000000000000000e+03
7.233507016333072670e+02	1.040000000000000000e+03
7.233802326999849583e+02	1.060000000000000000e+03
7.234097626273738797e+02	1.060000000000000000e+03
7.234392914153239644e+02	1.280000000000000000e+03
7.234688190636845775e+02	1.140000000000000000e+03
7.234983455723057659e+02	1.060000000000000000e+03
7.235278709410372358e+02	1.120000000000000000e+03
7.235573951697290340e+02	1.120000000000000000e+03
7.235869182582307531e+02	1.360000000000000000e+03
7.236164402063927810e+02	1.260000000000000000e+03
7.236459610140644827e+02	1.240000000000000000e+03
7.236754806810961327e+02	1.340000000000000000e+03
7.237049992073376643e+02	1.240000000000000000e+03
7.237345165926387835e+02	1.280000000000000000e+03
7.237640328368499922e+02	1.280000000000000000e+03
7.237935479398208827e+02	1.220000000000000000e+03
7.238230619014019567e+02	1.300000000000000000e+03
7.238525747214429202e+02	1.320000000000000000e+03
7.238820863997939341e+02	1.420000000000000000e+03
7.239115969363052727e+02	1.380000000000000000e+03
7.239411063308269831e+02	1.260000000000000000e+03
7.239706145832092261e+02	1.420000000000000000e+03
7.240001216933023898e+02	1.400000000000000000e+03
7.240296276609562938e+02	1.380000000000000000e+03
7.240591324860214399e+02	1.400000000000000000e+03
7.240886361683482164e+02	1.360000000000000000e+03
7.241181387077866702e+02	1.560000000000000000e+03
7.241476401041873032e+02	1.360000000000000000e+03
7.241771403574002761e+02	1.600000000000000000e+03
7.242066394672759770e+02	1.560000000000000000e+03
7.242361374336650215e+02	1.440000000000000000e+03
7.242656342564174565e+02	1.480000000000000000e+03
7.242951299353838976e+02	1.520000000000000000e+03
7.243246244704147330e+02	1.640000000000000000e+03
7.243541178613605780e+02	1.580000000000000000e+03
7.243836101080715935e+02	1.480000000000000000e+03
7.244131012103986222e+02	1.600000000000000000e+03
7.244425911681921662e+02	1.680000000000000000e+03
7.244720799813026133e+02	1.700000000000000000e+03
7.245015676495806929e+02	1.680000000000000000e+03
7.245310541728769067e+02	1.840000000000000000e+03
7.245605395510420976e+02	1.800000000000000000e+03
7.245900237839265401e+02	1.980000000000000000e+03
7.246195068713810770e+02	1.860000000000000000e+03
7.246489888132566648e+02	1.940000000000000000e+03
7.246784696094036917e+02	1.960000000000000000e+03
7.247079492596728869e+02	2.020000000000000000e+03
7.247374277639153206e+02	2.020000000000000000e+03
7.247669051219817220e+02	1.960000000000000000e+03
7.247963813337225929e+02	1.900000000000000000e+03
7.248258563989888899e+02	2.000000000000000000e+03
7.248553303176315694e+02	2.040000000000000000e+03
7.248848030895017018e+02	2.240000000000000000e+03
7.249142747144499026e+02	2.040000000000000000e+03
7.249437451923270146e+02	2.280000000000000000e+03
7.249732145229842217e+02	2.280000000000000000e+03
7.250026827062724806e+02	2.160000000000000000e+03
7.250321497420427477e+02	2.320000000000000000e+03
7.250616156301459796e+02	2.140000000000000000e+03
7.250910803704332466e+02	2.380000000000000000e+03
7.251205439627556188e+02	2.400000000000000000e+03
7.251500064069640530e+02	2.280000000000000000e+03
7.251794677029099603e+02	2.400000000000000000e+03
7.252089278504442973e+02	2.500000000000000000e+03
7.252383868494181343e+02	2.500000000000000000e+03
7.252678446996827688e+02	2.660000000000000000e+03
7.252973014010892712e+02	2.580000000000000000e+03
7.253267569534891663e+02	2.680000000000000000e+03
7.253562113567334109e+02	2.740000000000000000e+03
7.253856646106733024e+02	2.760000000000000000e+03
7.254151167151601385e+02	2.960000000000000000e+03
7.254445676700455579e+02	2.980000000000000000e+03
7.254740174751804034e+02	2.820000000000000000e+03
7.255034661304163137e+02	2.960000000000000000e+03
7.255329136356045865e+02	2.960000000000000000e+03
7.255623599905967467e+02	3.040000000000000000e+03
7.255918051952440919e+02	3.200000000000000000e+03
7.256212492493981472e+02	3.160000000000000000e+03
7.256506921529104375e+02	3.040000000000000000e+03
7.256801339056323741e+02	3.120000000000000000e+03
7.257095745074154820e+02	3.320000000000000000e+03
7.257390139581112862e+02	3.420000000000000000e+03
7.257684522575714254e+02	3.420000000000000000e+03
7.257978894056474246e+02	3.620000000000000000e+03
7.258273254021909224e+02	3.780000000000000000e+03
7.258567602470535576e+02	3.740000000000000000e+03
7.258861939400871961e+02	3.880000000000000000e+03
7.259156264811430219e+02	4.000000000000000000e+03
7.259450578700732422e+02	3.880000000000000000e+03
7.259744881067292681e+02	4.260000000000000000e+03
7.260039171909630795e+02	4.080000000000000000e+03
7.260333451226264287e+02	4.280000000000000000e+03
7.260627719015709545e+02	4.520000000000000000e+03
7.260921975276484091e+02	4.420000000000000000e+03
7.261216220007108859e+02	4.440000000000000000e+03
7.261510453206101374e+02	4.720000000000000000e+03
7.261804674871980296e+02	4.560000000000000000e+03
7.262098885003265423e+02	4.960000000000000000e+03
7.262393083598476551e+02	4.900000000000000000e+03
7.262687270656130067e+02	5.140000000000000000e+03
7.262981446174751454e+02	5.160000000000000000e+03
7.263275610152854824e+02	5.260000000000000000e+03
7.263569762588963385e+02	5.360000000000000000e+03
7.263863903481601483e+02	5.500000000000000000e+03
7.264158032829282092e+02	5.520000000000000000e+03
7.264452150630529559e+02	5.820000000000000000e+03
7.264746256883868227e+02	6.100000000000000000e+03
7.265040351587813348e+02	6.060000000000000000e+03
7.265334434740892675e+02	6.420000000000000000e+03
7.265628506341624870e+02	6.380000000000000000e+03
7.265922566388533141e+02	6.600000000000000000e+03
7.266216614880139559e+02	6.840000000000000000e+03
7.266510651814965058e+02	6.780000000000000000e+03
7.266804677191533983e+02	6.980000000000000000e+03
7.267098691008370679e+02	7.440000000000000000e+03
7.267392693263997216e+02	7.380000000000000000e+03
7.267686683956934530e+02	7.480000000000000000e+03
7.267980663085710376e+02	7.720000000000000000e+03
7.268274630648849097e+02	7.640000000000000000e+03
7.268568586644869356e+02	8.100000000000000000e+03
7.268862531072303454e+02	8.220000000000000000e+03
7.269156463929667780e+02	8.680000000000000000e+03
7.269450385215492361e+02	8.440000000000000000e+03
7.269744294928302679e+02	8.380000000000000000e+03
7.270038193066623080e+02	9.260000000000000000e+03
7.270332079628977908e+02	9.140000000000000000e+03
7.270625954613892645e+02	9.280000000000000000e+03
7.270919818019896184e+02	9.660000000000000000e+03
7.271213669845512868e+02	9.840000000000000000e+03
7.271507510089268180e+02	9.860000000000000000e+03
7.271801338749693286e+02	9.880000000000000000e+03
7.272095155825311394e+02	9.980000000000000000e+03
7.272388961314649123e+02	1.036000000000000000e+04
7.272682755216235364e+02	1.076000000000000000e+04
7.272976537528597873e+02	1.092000000000000000e+04
7.273270308250263270e+02	1.126000000000000000e+04
7.273564067379762719e+02	1.160000000000000000e+04
7.273857814915622839e+02	1.174000000000000000e+04
7.274151550856371387e+02	1.180000000000000000e+04
7.274445275200536116e+02	1.208000000000000000e+04
7.274738987946651605e+02	1.250000000000000000e+04
7.275032689093242197e+02	1.266000000000000000e+04
7.275326378638837923e+02	1.306000000000000000e+04
7.275620056581968811e+02	1.328000000000000000e+04
7.275913722921166027e+02	1.372000000000000000e+04
7.276207377654958464e+02	1.380000000000000000e+04
7.276501020781878424e+02	1.404000000000000000e+04
7.276794652300455937e+02	1.410000000000000000e+04
7.277088272209219895e+02	1.426000000000000000e+04
7.277381880506704874e+02	1.450000000000000000e+04
7.277675477191440905e+02	1.484000000000000000e+04
7.277969062261955742e+02	1.528000000000000000e+04
7.278262635716787372e+02	1.556000000000000000e+04
7.278556197554464688e+02	1.584000000000000000e+04
7.278849747773519994e+02	1.614000000000000000e+04
7.279143286372486727e+02	1.634000000000000000e+04
7.279436813349894919e+02	1.672000000000000000e+04
7.279730328704283693e+02	1.678000000000000000e+04
7.280023832434179667e+02	1.716000000000000000e+04
7.280317324538121966e+02	1.746000000000000000e+04
7.280610805014639482e+02	1.792000000000000000e+04
7.280904273862269065e+02	1.794000000000000000e+04
7.281197731079544155e+02	1.838000000000000000e+04
7.281491176664999330e+02	1.812000000000000000e+04
7.281784610617166891e+02	1.876000000000000000e+04
7.282078032934585963e+02	1.896000000000000000e+04
7.282371443615788849e+02	1.938000000000000000e+04
7.282664842659311262e+02	1.940000000000000000e+04
7.282958230063688916e+02	1.986000000000000000e+04
7.283251605827458661e+02	2.056000000000000000e+04
7.283544969949156211e+02	2.068000000000000000e+04
7.283838322427316143e+02	2.086000000000000000e+04
7.284131663260475307e+02	2.092000000000000000e+04
7.284424992447172826e+02	2.126000000000000000e+04
7.284718309985944416e+02	2.186000000000000000e+04
7.285011615875325788e+02	2.258000000000000000e+04
7.285304910113857204e+02	2.220000000000000000e+04
7.285598192700073241e+02	2.284000000000000000e+04
7.285891463632511886e+02	2.312000000000000000e+04
7.286184722909714537e+02	2.322000000000000000e+04
7.286477970530220318e+02	2.422000000000000000e+04
7.286771206492561532e+02	2.414000000000000000e+04
7.287064430795281851e+02	2.390000000000000000e+04
7.287357643436919261e+02	2.412000000000000000e+04
7.287650844416012887e+02	2.456000000000000000e+04
7.287944033731102991e+02	2.518000000000000000e+04
7.288237211380727558e+02	2.560000000000000000e+04
7.288530377363427988e+02	2.616000000000000000e+04
7.288823531677746814e+02	2.598000000000000000e+04
7.289116674322219751e+02	2.620000000000000000e+04
7.289409805295390470e+02	2.630000000000000000e+04
7.289702924595798095e+02	2.714000000000000000e+04
7.289996032221987434e+02	2.744000000000000000e+04
7.290289128172495339e+02	2.728000000000000000e+04
7.290582212445865480e+02	2.752000000000000000e+04
7.290875285040641529e+02	2.822000000000000000e+04
7.291168345955362611e+02	2.882000000000000000e+04
7.291461395188572396e+02	2.856000000000000000e+04
7.291754432738813421e+02	2.908000000000000000e+04
7.292047458604628218e+02	2.930000000000000000e+04
7.292340472784562735e+02	2.958000000000000000e+04
7.292633475277154957e+02	3.026000000000000000e+04
7.292926466080951968e+02	3.058000000000000000e+04
7.293219445194497439e+02	3.024000000000000000e+04
7.293512412616332767e+02	3.108000000000000000e+04
7.293805368345003899e+02	3.110000000000000000e+04
7.294098312379056779e+02	3.164000000000000000e+04
7.294391244717033942e+02	3.156000000000000000e+04
7.294684165357481334e+02	3.234000000000000000e+04
7.294977074298943762e+02	3.232000000000000000e+04
7.295269971539966036e+02	3.260000000000000000e+04
7.295562857079095238e+02	3.312000000000000000e+04
7.295855730914876176e+02	3.356000000000000000e+04
7.296148593045853659e+02	3.356000000000000000e+04
7.296441443470577042e+02	3.378000000000000000e+04
7.296734282187591134e+02	3.424000000000000000e+04
7.297027109195444154e+02	3.470000000000000000e+04
7.297319924492679775e+02	3.452000000000000000e+04
7.297612728077848487e+02	3.464000000000000000e+04
7.297905519949497375e+02	3.520000000000000000e+04
7.298198300106173519e+02	3.586000000000000000e+04
7.298491068546424003e+02	3.606000000000000000e+04
7.298783825268797045e+02	3.600000000000000000e+04
7.299076570271843138e+02	3.672000000000000000e+04
7.299369303554110502e+02	3.646000000000000000e+04
7.299662025114145081e+02	3.754000000000000000e+04
7.299954734950499642e+02	3.760000000000000000e+04
7.300247433061722404e+02	3.788000000000000000e+04
7.300540119446363860e+02	3.824000000000000000e+04
7.300832794102969956e+02	3.800000000000000000e+04
7.301125457030094594e+02	3.850000000000000000e+04
7.301418108226288268e+02	3.954000000000000000e+04
7.301710747690099197e+02	3.898000000000000000e+04
7.302003375420080147e+02	3.982000000000000000e+04
7.302295991414781611e+02	3.998000000000000000e+04
7.302588595672752945e+02	4.036000000000000000e+04
7.302881188192546915e+02	4.030000000000000000e+04
7.303173768972717426e+02	4.100000000000000000e+04
7.303466338011813832e+02	4.158000000000000000e+04
7.303758895308390038e+02	4.210000000000000000e+04
7.304051440860996536e+02	4.156000000000000000e+04
7.304343974668186092e+02	4.150000000000000000e+04
7.304636496728513748e+02	4.192000000000000000e+04
7.304929007040529996e+02	4.264000000000000000e+04
7.305221505602792149e+02	4.238000000000000000e+04
7.305513992413849564e+02	4.344000000000000000e+04
7.305806467472257282e+02	4.326000000000000000e+04
7.306098930776570342e+02	4.366000000000000000e+04
7.306391382325342647e+02	4.374000000000000000e+04
7.306683822117129239e+02	4.460000000000000000e+04
7.306976250150484020e+02	4.406000000000000000e+04
7.307268666423963168e+02	4.432000000000000000e+04
7.307561070936119449e+02	4.504000000000000000e+04
7.307853463685511315e+02	4.494000000000000000e+04
7.308145844670693805e+02	4.496000000000000000e+04
7.308438213890220823e+02	4.622000000000000000e+04
7.308730571342651956e+02	4.590000000000000000e+04
7.309022917026539972e+02	4.620000000000000000e+04
7.309315250940444457e+02	4.690000000000000000e+04
7.309607573082919316e+02	4.668000000000000000e+04
7.309899883452525273e+02	4.664000000000000000e+04
7.310192182047818505e+02	4.702000000000000000e+04
7.310484468867355190e+02	4.734000000000000000e+04
7.310776743909693778e+02	4.694000000000000000e+04
7.311069007173393857e+02	4.700000000000000000e+04
7.311361258657012741e+02	4.826000000000000000e+04
7.311653498359107743e+02	4.804000000000000000e+04
7.311945726278239590e+02	4.878000000000000000e+04
7.312237942412965594e+02	4.822000000000000000e+04
7.312530146761846481e+02	4.872000000000000000e+04
7.312822339323441838e+02	4.936000000000000000e+04
7.313114520096311253e+02	4.924000000000000000e+04
7.313406689079013177e+02	4.956000000000000000e+04
7.313698846270108334e+02	5.002000000000000000e+04
7.313990991668158586e+02	4.988000000000000000e+04
7.314283125271723520e+02	5.052000000000000000e+04
7.314575247079363862e+02	5.146000000000000000e+04
7.314867357089642610e+02	4.994000000000000000e+04
7.315159455301118214e+02	5.084000000000000000e+04
7.315451541712355947e+02	5.120000000000000000e+04
7.315743616321914260e+02	5.142000000000000000e+04
7.316035679128356151e+02	5.156000000000000000e+04
7.316327730130245754e+02	5.190000000000000000e+04
7.316619769326143796e+02	5.276000000000000000e+04
7.316911796714613274e+02	5.246000000000000000e+04
7.317203812294217187e+02	5.282000000000000000e+04
7.317495816063520806e+02	5.370000000000000000e+04
7.317787808021084857e+02	5.276000000000000000e+04
7.318079788165475748e+02	5.266000000000000000e+04
7.318371756495255340e+02	5.392000000000000000e+04
7.318663713008988907e+02	5.356000000000000000e+04
7.318955657705238309e+02	5.402000000000000000e+04
7.319247590582573366e+02	5.424000000000000000e+04
7.319539511639555940e+02	5.414000000000000000e+04
7.319831420874751302e+02	5.500000000000000000e+04
7.320123318286723588e+02	5.500000000000000000e+04
7.320415203874042618e+02	5.458000000000000000e+04
7.320707077635269115e+02	5.530000000000000000e+04
7.320998939568974038e+02	5.466000000000000000e+04
7.321290789673720383e+02	5.564000000000000000e+04
7.321582627948075697e+02	5.578000000000000000e+04
7.321874454390607525e+02	5.558000000000000000e+04
7.322166268999882277e+02	5.598000000000000000e+04
7.322458071774466362e+02	5.634000000000000000e+04
7.322749862712929598e+02	5.670000000000000000e+04
7.323041641813838396e+02	5.604000000000000000e+04
7.323333409075762575e+02	5.632000000000000000e+04
7.323625164497266269e+02	5.646000000000000000e+04
7.323916908076921573e+02	5.718000000000000000e+04
7.324208639813296031e+02	5.608000000000000000e+04
7.324500359704959465e+02	5.568000000000000000e+04
7.324792067750479418e+02	5.640000000000000000e+04
7.325083763948427986e+02	5.628000000000000000e+04
7.325375448297372714e+02	5.650000000000000000e+04
7.325667120795883420e+02	5.704000000000000000e+04
7.325958781442532199e+02	5.692000000000000000e+04
7.326250430235886597e+02	5.724000000000000000e+04
7.326542067174518706e+02	5.724000000000000000e+04
7.326833692257001758e+02	5.766000000000000000e+04
7.327125305481904434e+02	5.742000000000000000e+04
7.327416906847796554e+02	5.796000000000000000e+04
7.327708496353252485e+02	5.754000000000000000e+04
7.328000073996843184e+02	5.864000000000000000e+04
7.328291639777140745e+02	5.834000000000000000e+04
7.328583193692717259e+02	5.842000000000000000e+04
7.328874735742144821e+02	5.810000000000000000e+04
7.329166265923997798e+02	5.890000000000000000e+04
7.329457784236848283e+02	5.892000000000000000e+04
7.329749290679270644e+02	5.898000000000000000e+04
7.330040785249834698e+02	5.946000000000000000e+04
7.330332267947119362e+02	5.892000000000000000e+04
7.330623738769694455e+02	5.930000000000000000e+04
7.330915197716135481e+02	5.912000000000000000e+04
7.331206644785017943e+02	5.932000000000000000e+04
7.331498079974915072e+02	5.996000000000000000e+04
7.331789503284404645e+02	6.026000000000000000e+04
7.332080914712058757e+02	6.012000000000000000e+04
7.332372314256452910e+02	6.014000000000000000e+04
7.332663701916162609e+02	5.990000000000000000e+04
7.332955077689766767e+02	6.010000000000000000e+04
7.333246441575837480e+02	6.036000000000000000e+04
7.333537793572954797e+02	6.014000000000000000e+04
7.333829133679694223e+02	5.906000000000000000e+04
7.334120461894631262e+02	6.032000000000000000e+04
7.334411778216344828e+02	6.060000000000000000e+04
7.334703082643410426e+02	6.044000000000000000e+04
7.334994375174404695e+02	5.910000000000000000e+04
7.335285655807908824e+02	6.084000000000000000e+04
7.335576924542499455e+02	6.060000000000000000e+04
7.335868181376755501e+02	6.066000000000000000e+04
7.336159426309252467e+02	6.058000000000000000e+04
7.336450659338572677e+02	5.978000000000000000e+04
7.336741880463293910e+02	6.108000000000000000e+04
7.337033089681993943e+02	6.100000000000000000e+04
7.337324286993253963e+02	6.030000000000000000e+04
7.337615472395654024e+02	5.956000000000000000e+04
7.337906645887770765e+02	6.052000000000000000e+04
7.338197807468188785e+02	6.072000000000000000e+04
7.338488957135486999e+02	6.076000000000000000e+04
7.338780094888244321e+02	6.134000000000000000e+04
7.339071220725045350e+02	6.030000000000000000e+04
7.339362334644465591e+02	5.966000000000000000e+04
7.339653436645090778e+02	6.068000000000000000e+04
7.339944526725502101e+02	6.080000000000000000e+04
7.340235604884281884e+02	6.022000000000000000e+04
7.340526671120009041e+02	6.044000000000000000e+04
7.340817725431268173e+02	6.080000000000000000e+04
7.341108767816643876e+02	6.068000000000000000e+04
7.341399798274715067e+02	6.040000000000000000e+04
7.341690816804067481e+02	5.956000000000000000e+04
7.341981823403284579e+02	5.948000000000000000e+04
7.342272818070946414e+02	5.982000000000000000e+04
7.342563800805640994e+02	5.934000000000000000e+04
7.342854771605948372e+02	6.058000000000000000e+04
7.343145730470457693e+02	6.024000000000000000e+04
7.343436677397749008e+02	5.948000000000000000e+04
7.343727612386408055e+02	5.986000000000000000e+04
7.344018535435022841e+02	5.886000000000000000e+04
7.344309446542174555e+02	5.948000000000000000e+04
7.344600345706452345e+02	5.818000000000000000e+04
7.344891232926437397e+02	6.018000000000000000e+04
7.345182108200718858e+02	5.934000000000000000e+04
7.345472971527883601e+02	5.940000000000000000e+04
7.345763822906515088e+02	5.852000000000000000e+04
7.346054662335203602e+02	5.840000000000000000e+04
7.346345489812531468e+02	5.906000000000000000e+04
7.346636305337092381e+02	5.890000000000000000e+04
7.346927108907466391e+02	5.898000000000000000e+04
7.347217900522246055e+02	5.868000000000000000e+04
7.347508680180014835e+02	5.902000000000000000e+04
7.347799447879366426e+02	5.862000000000000000e+04
7.348090203618886562e+02	5.902000000000000000e+04
7.348380947397163254e+02	5.818000000000000000e+04
7.348671679212785648e+02	5.866000000000000000e+04
7.348962399064342890e+02	5.754000000000000000e+04
7.349253106950422989e+02	5.814000000000000000e+04
7.349543802869618503e+02	5.870000000000000000e+04
7.349834486820515167e+02	5.780000000000000000e+04
7.350125158801707812e+02	5.790000000000000000e+04
7.350415818811784447e+02	5.780000000000000000e+04
7.350706466849333083e+02	5.800000000000000000e+04
7.350997102912948549e+02	5.814000000000000000e+04
7.351287727001217718e+02	5.766000000000000000e+04
7.351578339112737694e+02	5.768000000000000000e+04
7.351868939246093078e+02	5.754000000000000000e+04
7.352159527399879835e+02	5.724000000000000000e+04
7.352450103572689386e+02	5.722000000000000000e+04
7.352740667763114288e+02	5.704000000000000000e+04
7.353031219969744825e+02	5.692000000000000000e+04
7.353321760191174690e+02	5.732000000000000000e+04
7.353612288425998713e+02	5.684000000000000000e+04
7.353902804672807179e+02	5.668000000000000000e+04
7.354193308930196054e+02	5.594000000000000000e+04
7.354483801196755621e+02	5.562000000000000000e+04
7.354774281471082986e+02	5.610000000000000000e+04
7.355064749751771842e+02	5.610000000000000000e+04
7.355355206037413609e+02	5.564000000000000000e+04
7.355645650326607665e+02	5.640000000000000000e+04
7.355936082617944294e+02	5.576000000000000000e+04
7.356226502910020599e+02	5.594000000000000000e+04
7.356516911201433686e+02	5.576000000000000000e+04
7.356807307490773837e+02	5.466000000000000000e+04
7.357097691776642705e+02	5.424000000000000000e+04
7.357388064057633983e+02	5.508000000000000000e+04
7.357678424332342502e+02	5.478000000000000000e+04
7.357968772599367639e+02	5.440000000000000000e+04
7.358259108857303090e+02	5.430000000000000000e+04
7.358549433104750506e+02	5.470000000000000000e+04
7.358839745340301306e+02	5.452000000000000000e+04
7.359130045562557143e+02	5.388000000000000000e+04
7.359420333770111711e+02	5.416000000000000000e+04
7.359710609961568935e+02	5.278000000000000000e+04
7.360000874135521371e+02	5.348000000000000000e+04
7.360291126290570674e+02	5.374000000000000000e+04
7.360581366425316219e+02	5.272000000000000000e+04
7.360871594538353975e+02	5.266000000000000000e+04
7.361161810628284456e+02	5.232000000000000000e+04
7.361452014693707042e+02	5.140000000000000000e+04
7.361742206733222247e+02	5.266000000000000000e+04
7.362032386745430586e+02	5.188000000000000000e+04
7.362322554728929163e+02	5.188000000000000000e+04
7.362612710682320767e+02	5.126000000000000000e+04
7.362902854604204776e+02	5.094000000000000000e+04
7.363192986493181706e+02	5.062000000000000000e+04
7.363483106347856619e+02	4.992000000000000000e+04
7.363773214166826619e+02	5.070000000000000000e+04
7.364063309948693359e+02	5.076000000000000000e+04
7.364353393692059626e+02	5.030000000000000000e+04
7.364643465395530484e+02	5.028000000000000000e+04
7.364933525057704173e+02	4.996000000000000000e+04
7.365223572677185757e+02	4.920000000000000000e+04
7.365513608252575750e+02	4.912000000000000000e+04
7.365803631782479215e+02	4.912000000000000000e+04
7.366093643265497803e+02	4.876000000000000000e+04
7.366383642700236578e+02	4.832000000000000000e+04
7.366673630085297191e+02	4.858000000000000000e+04
7.366963605419285841e+02	4.864000000000000000e+04
7.367253568700806454e+02	4.852000000000000000e+04
7.367543519928464093e+02	4.752000000000000000e+04
7.367833459100860409e+02	4.728000000000000000e+04
7.368123386216603876e+02	4.786000000000000000e+04
7.368413301274299556e+02	4.714000000000000000e+04
7.368703204272550238e+02	4.752000000000000000e+04
7.368993095209964395e+02	4.674000000000000000e+04
7.369282974085145952e+02	4.656000000000000000e+04
7.369572840896701109e+02	4.680000000000000000e+04
7.369862695643238339e+02	4.640000000000000000e+04
7.370152538323362705e+02	4.652000000000000000e+04
7.370442368935681543e+02	4.626000000000000000e+04
7.370732187478803326e+02	4.592000000000000000e+04
7.371021993951331979e+02	4.516000000000000000e+04
7.371311788351879386e+02	4.474000000000000000e+04
7.371601570679050610e+02	4.498000000000000000e+04
7.371891340931454124e+02	4.508000000000000000e+04
7.372181099107699538e+02	4.428000000000000000e+04
7.372470845206393051e+02	4.478000000000000000e+04
7.372760579226147684e+02	4.408000000000000000e+04
7.373050301165569635e+02	4.366000000000000000e+04
7.373340011023268517e+02	4.336000000000000000e+04
7.373629708797853937e+02	4.284000000000000000e+04
7.373919394487936643e+02	4.314000000000000000e+04
7.374209068092125108e+02	4.342000000000000000e+04
7.374498729609028942e+02	4.232000000000000000e+04
7.374788379037263439e+02	4.234000000000000000e+04
7.375078016375435936e+02	4.214000000000000000e+04
7.375367641622157180e+02	4.210000000000000000e+04
7.375657254776040190e+02	4.176000000000000000e+04
7.375946855835693441e+02	4.110000000000000000e+04
7.376236444799731089e+02	4.132000000000000000e+04
7.376526021666767292e+02	4.128000000000000000e+04
7.376815586435411660e+02	4.150000000000000000e+04
7.377105139104274940e+02	4.062000000000000000e+04
7.377394679671972426e+02	4.042000000000000000e+04
7.377684208137118276e+02	4.042000000000000000e+04
7.377973724498323236e+02	4.028000000000000000e+04
7.378263228754200327e+02	3.934000000000000000e+04
7.378552720903365980e+02	3.954000000000000000e+04
7.378842200944432079e+02	3.914000000000000000e+04
7.379131668876016192e+02	3.868000000000000000e+04
7.379421124696727929e+02	3.914000000000000000e+04
7.379710568405184858e+02	3.910000000000000000e+04
7.380000000000000000e+02	3.830000000000000000e+04
7.380289419479790922e+02	3.798000000000000000e+04
7.380578826843172919e+02	3.768000000000000000e+04
7.380868222088760149e+02	3.764000000000000000e+04
7.381157605215167905e+02	3.714000000000000000e+04
7.381446976221016030e+02	3.702000000000000000e+04
7.381736335104917544e+02	3.720000000000000000e+04
7.382025681865490014e+02	3.690000000000000000e+04
7.382315016501348737e+02	3.694000000000000000e+04
7.382604339011115826e+02	3.666000000000000000e+04
7.382893649393404303e+02	3.572000000000000000e+04
7.383182947646830598e+02	3.532000000000000000e+04
7.383472233770019102e+02	3.572000000000000000e+04
7.383761507761580560e+02	3.548000000000000000e+04
7.384050769620138226e+02	3.514000000000000000e+04
7.384340019344308530e+02	3.458000000000000000e+04
7.384629256932710177e+02	3.456000000000000000e+04
7.384918482383964147e+02	3.396000000000000000e+04
7.385207695696686869e+02	3.410000000000000000e+04
7.385496896869501597e+02	3.386000000000000000e+04
7.385786085901024762e+02	3.396000000000000000e+04
7.386075262789878479e+02	3.320000000000000000e+04
7.386364427534682591e+02	3.312000000000000000e+04
7.386653580134058075e+02	3.248000000000000000e+04
7.386942720586623636e+02	3.260000000000000000e+04
7.387231848891005939e+02	3.196000000000000000e+04
7.387520965045819139e+02	3.246000000000000000e+04
7.387810069049686490e+02	3.162000000000000000e+04
7.388099160901233518e+02	3.166000000000000000e+04
7.388388240599078927e+02	3.122000000000000000e+04
7.388677308141847107e+02	3.124000000000000000e+04
7.388966363528157899e+02	3.136000000000000000e+04
7.389255406756635693e+02	3.058000000000000000e+04
7.389544437825904879e+02	3.048000000000000000e+04
7.389833456734586434e+02	3.022000000000000000e+04
7.390122463481304749e+02	3.018000000000000000e+04
7.390411458064683075e+02	2.952000000000000000e+04
7.390700440483346938e+02	2.958000000000000000e+04
7.390989410735919591e+02	2.906000000000000000e+04
7.391278368821025424e+02	2.924000000000000000e+04
7.391567314737287688e+02	2.864000000000000000e+04
7.391856248483334184e+02	2.848000000000000000e+04
7.392145170057788164e+02	2.828000000000000000e+04
7.392434079459276290e+02	2.860000000000000000e+04
7.392722976686422953e+02	2.826000000000000000e+04
7.393011861737854815e+02	2.814000000000000000e+04
7.393300734612199676e+02	2.770000000000000000e+04
7.393589595308080789e+02	2.766000000000000000e+04
7.393878443824128226e+02	2.748000000000000000e+04
7.394167280158964104e+02	2.686000000000000000e+04
7.394456104311220770e+02	2.686000000000000000e+04
7.394744916279522613e+02	2.630000000000000000e+04
7.395033716062499707e+02	2.608000000000000000e+04
7.395322503658776441e+02	2.594000000000000000e+04
7.395611279066982888e+02	2.604000000000000000e+04
7.395900042285749123e+02	2.554000000000000000e+04
7.396188793313701808e+02	2.506000000000000000e+04
7.396477532149471017e+02	2.528000000000000000e+04
7.396766258791682276e+02	2.496000000000000000e+04
7.397054973238970206e+02	2.442000000000000000e+04
7.397343675489961470e+02	2.430000000000000000e+04
7.397632365543285005e+02	2.456000000000000000e+04
7.397921043397574294e+02	2.386000000000000000e+04
7.398209709051458276e+02	2.348000000000000000e+04
7.398498362503565886e+02	2.340000000000000000e+04
7.398787003752529472e+02	2.318000000000000000e+04
7.399075632796979107e+02	2.284000000000000000e+04
7.399364249635547139e+02	2.284000000000000000e+04
7.399652854266865916e+02	2.244000000000000000e+04
7.399941446689565510e+02	2.270000000000000000e+04
7.400230026902279405e+02	2.198000000000000000e+04
7.400518594903639951e+02	2.236000000000000000e+04
7.400807150692277219e+02	2.180000000000000000e+04
7.401095694266825831e+02	2.224000000000000000e+04
7.401384225625920408e+02	2.160000000000000000e+04
7.401672744768192160e+02	2.164000000000000000e+04
7.401961251692274573e+02	2.158000000000000000e+04
7.402249746396803403e+02	2.056000000000000000e+04
7.402538228880410998e+02	2.088000000000000000e+04
7.402826699141730842e+02	2.054000000000000000e+04
7.403115157179399830e+02	2.014000000000000000e+04
7.403403602992052583e+02	1.998000000000000000e+04
7.403692036578321449e+02	1.956000000000000000e+04
7.403980457936843322e+02	1.960000000000000000e+04
7.404268867066255098e+02	1.974000000000000000e+04
7.404557263965191396e+02	1.896000000000000000e+04
7.404845648632285702e+02	1.894000000000000000e+04
7.405134021066179457e+02	1.906000000000000000e+04
7.405422381265505010e+02	1.860000000000000000e+04
7.405710729228902665e+02	1.808000000000000000e+04
7.405999064955004769e+02	1.856000000000000000e+04
7.406287388442452766e+02	1.822000000000000000e+04
7.406575699689881276e+02	1.776000000000000000e+04
7.406863998695928331e+02	1.756000000000000000e+04
7.407152285459234236e+02	1.774000000000000000e+04
7.407440559978437022e+02	1.738000000000000000e+04
7.407728822252172449e+02	1.702000000000000000e+04
7.408017072279080821e+02	1.704000000000000000e+04
7.408305310057802444e+02	1.630000000000000000e+04
7.408593535586973076e+02	1.620000000000000000e+04
7.408881748865235295e+02	1.578000000000000000e+04
7.409169949891228271e+02	1.570000000000000000e+04
7.409458138663590034e+02	1.582000000000000000e+04
7.409746315180963165e+02	1.554000000000000000e+04
7.410034479441989106e+02	1.542000000000000000e+04
7.410322631445304751e+02	1.516000000000000000e+04
7.410610771189552679e+02	1.486000000000000000e+04
7.410898898673375470e+02	1.468000000000000000e+04
7.411187013895411155e+02	1.460000000000000000e+04
7.411475116854306862e+02	1.460000000000000000e+04
7.411763207548699484e+02	1.448000000000000000e+04
7.412051285977233874e+02	1.444000000000000000e+04
7.412339352138551476e+02	1.386000000000000000e+04
7.412627406031294868e+02	1.344000000000000000e+04
7.412915447654107766e+02	1.350000000000000000e+04
7.413203477005632749e+02	1.296000000000000000e+04
7.413491494084514670e+02	1.320000000000000000e+04
7.413779498889392698e+02	1.306000000000000000e+04
7.414067491418917371e+02	1.254000000000000000e+04
7.414355471671726718e+02	1.272000000000000000e+04
7.414643439646467868e+02	1.274000000000000000e+04
7.414931395341787947e+02	1.236000000000000000e+04
7.415219338756327261e+02	1.250000000000000000e+04
7.415507269888735209e+02	1.168000000000000000e+04
7.415795188737653234e+02	1.210000000000000000e+04
7.416083095301729600e+02	1.170000000000000000e+04
7.416370989579606885e+02	1.136000000000000000e+04
7.416658871569936764e+02	1.108000000000000000e+04
7.416946741271361816e+02	1.116000000000000000e+04
7.417234598682530304e+02	1.100000000000000000e+04
7.417522443802087082e+02	1.090000000000000000e+04
7.417810276628678139e+02	1.036000000000000000e+04
7.418098097160956286e+02	1.076000000000000000e+04
7.418385905397566376e+02	1.046000000000000000e+04
7.418673701337153261e+02	9.960000000000000000e+03
7.418961484978370891e+02	1.020000000000000000e+04
7.419249256319861843e+02	1.000000000000000000e+04
7.419537015360277792e+02	9.720000000000000000e+03
7.419824762098267001e+02	9.500000000000000000e+03
7.420112496532481146e+02	9.520000000000000000e+03
7.420400218661563940e+02	9.400000000000000000e+03
7.420687928484169333e+02	8.940000000000000000e+03
7.420975625998947862e+02	8.980000000000000000e+03
7.421263311204545516e+02	9.000000000000000000e+03
7.421550984099616244e+02	8.660000000000000000e+03
7.421838644682808308e+02	8.340000000000000000e+03
7.422126292952772246e+02	8.520000000000000000e+03
7.422413928908163143e+02	8.300000000000000000e+03
7.422701552547628125e+02	8.120000000000000000e+03
7.422989163869822278e+02	8.060000000000000000e+03
7.423276762873393864e+02	7.900000000000000000e+03
7.423564349556995694e+02	7.820000000000000000e+03
7.423851923919281717e+02	7.540000000000000000e+03
7.424139485958904743e+02	7.460000000000000000e+03
7.424427035674515309e+02	7.580000000000000000e+03
7.424714573064768501e+02	7.520000000000000000e+03
7.425002098128318266e+02	7.140000000000000000e+03
7.425289610863815142e+02	7.280000000000000000e+03
7.425577111269915349e+02	7.180000000000000000e+03
7.425864599345272836e+02	6.720000000000000000e+03
7.426152075088540414e+02	6.860000000000000000e+03
7.426439538498373167e+02	6.900000000000000000e+03
7.426726989573427318e+02	6.580000000000000000e+03
7.427014428312356813e+02	6.520000000000000000e+03
7.427301854713815601e+02	6.200000000000000000e+03
7.427589268776463314e+02	6.080000000000000000e+03
7.427876670498951626e+02	6.260000000000000000e+03
7.428164059879937895e+02	6.080000000000000000e+03
7.428451436918080617e+02	5.860000000000000000e+03
7.428738801612032603e+02	5.900000000000000000e+03
7.429026153960452348e+02	5.700000000000000000e+03
7.429313493961998347e+02	5.880000000000000000e+03
7.429600821615325685e+02	5.500000000000000000e+03
7.429888136919092858e+02	5.300000000000000000e+03
7.430175439871957224e+02	5.600000000000000000e+03
7.430462730472578414e+02	5.480000000000000000e+03
7.430750008719611515e+02	5.140000000000000000e+03
7.431037274611718431e+02	5.020000000000000000e+03
7.431324528147555384e+02	4.920000000000000000e+03
7.431611769325784280e+02	5.020000000000000000e+03
7.431898998145061341e+02	4.840000000000000000e+03
7.432186214604047336e+02	4.940000000000000000e+03
7.432473418701404171e+02	4.760000000000000000e+03
7.432760610435789204e+02	4.500000000000000000e+03
7.433047789805862067e+02	4.520000000000000000e+03
7.433334956810285803e+02	4.600000000000000000e+03
7.433622111447721181e+02	4.400000000000000000e+03
7.433909253716825560e+02	4.560000000000000000e+03
7.434196383616263120e+02	4.500000000000000000e+03
7.434483501144696902e+02	4.160000000000000000e+03
7.434770606300785403e+02	4.340000000000000000e+03
7.435057699083191665e+02	4.180000000000000000e+03
7.435344779490581004e+02	4.140000000000000000e+03
7.435631847521610780e+02	4.000000000000000000e+03
7.435918903174947445e+02	3.880000000000000000e+03
7.436205946449251769e+02	3.640000000000000000e+03
7.436492977343190205e+02	3.680000000000000000e+03
7.436779995855421248e+02	3.700000000000000000e+03
7.437067001984613626e+02	3.700000000000000000e+03
7.437353995729429244e+02	3.580000000000000000e+03
7.437640977088531145e+02	3.500000000000000000e+03
7.437927946060586919e+02	3.480000000000000000e+03
7.438214902644258473e+02	3.380000000000000000e+03
7.438501846838212259e+02	3.220000000000000000e+03
7.438788778641112458e+02	3.260000000000000000e+03
7.439075698051626659e+02	3.080000000000000000e+03
7.439362605068419043e+02	3.180000000000000000e+03
7.439649499690156063e+02	2.980000000000000000e+03
7.439936381915504171e+02	2.960000000000000000e+03
7.440223251743129822e+02	2.860000000000000000e+03
7.440510109171698332e+02	2.940000000000000000e+03
7.440796954199878428e+02	2.740000000000000000e+03
7.441083786826336564e+02	2.780000000000000000e+03
7.441370607049741466e+02	2.860000000000000000e+03
7.441657414868757314e+02	2.820000000000000000e+03
7.441944210282059657e+02	2.840000000000000000e+03
7.442230993288306991e+02	2.660000000000000000e+03
7.442517763886174862e+02	2.580000000000000000e+03
7.442804522074329725e+02	2.680000000000000000e+03
7.443091267851441444e+02	2.640000000000000000e+03
7.443378001216177609e+02	2.420000000000000000e+03
7.443664722167211494e+02	2.380000000000000000e+03
7.443951430703207279e+02	2.320000000000000000e+03
7.444238126822837103e+02	2.280000000000000000e+03
7.444524810524774239e+02	2.080000000000000000e+03
7.444811481807686278e+02	2.280000000000000000e+03
7.445098140670244220e+02	2.140000000000000000e+03
7.445384787111120204e+02	2.260000000000000000e+03
7.445671421128984093e+02	2.080000000000000000e+03
7.445958042722508026e+02	1.940000000000000000e+03
7.446244651890364139e+02	1.840000000000000000e+03
7.446531248631224571e+02	1.880000000000000000e+03
7.446817832943760322e+02	1.880000000000000000e+03
7.447104404826645805e+02	1.940000000000000000e+03
7.447390964278552019e+02	1.860000000000000000e+03
7.447677511298153377e+02	1.780000000000000000e+03
7.447964045884120878e+02	1.820000000000000000e+03
7.448250568035131209e+02	1.760000000000000000e+03
7.448537077749854234e+02	1.880000000000000000e+03
7.448823575026970047e+02	1.820000000000000000e+03
7.449110059865146241e+02	1.760000000000000000e+03
7.449396532263060635e+02	1.620000000000000000e+03
7.449682992219388780e+02	1.580000000000000000e+03
7.449969439732805085e+02	1.640000000000000000e+03
7.450255874801982827e+02	1.740000000000000000e+03
7.450542297425598690e+02	1.480000000000000000e+03
7.450828707602329359e+02	1.620000000000000000e+03
7.451115105330850383e+02	1.440000000000000000e+03
7.451401490609838447e+02	1.480000000000000000e+03
7.451687863437969099e+02	1.440000000000000000e+03
7.451974223813920162e+02	1.280000000000000000e+03
7.452260571736367183e+02	1.400000000000000000e+03
7.452546907203986848e+02	1.380000000000000000e+03
7.452833230215461526e+02	1.200000000000000000e+03
7.453119540769463356e+02	1.220000000000000000e+03
7.453405838864674706e+02	1.240000000000000000e+03
7.453692124499768852e+02	1.180000000000000000e+03
7.453978397673429299e+02	1.160000000000000000e+03
7.454264658384331597e+02	1.220000000000000000e+03
7.454550906631155840e+02	1.140000000000000000e+03
7.454837142412583262e+02	1.100000000000000000e+03
7.455123365727290548e+02	1.160000000000000000e+03
7.455409576573957793e+02	1.080000000000000000e+03
7.455695774951267367e+02	1.060000000000000000e+03
7.455981960857898230e+02	1.120000000000000000e+03
7.456268134292528202e+02	1.120000000000000000e+03
7.456554295253843065e+02	1.000000000000000000e+03
7.456840443740520641e+02	9.000000000000000000e+02
7.457126579751241024e+02	9.800000000000000000e+02
7.457412703284688860e+02	9.400000000000000000e+02
7.457698814339545379e+02	8.400000000000000000e+02
7.457984912914491815e+02	9.200000000000000000e+02
7.458270999008210538e+02	1.000000000000000000e+03
7.458557072619383916e+02	9.400000000000000000e+02
7.458843133746695457e+02	8.000000000000000000e+02
7.459129182388827530e+02	9.200000000000000000e+02
7.459415218544464778e+02	8.400000000000000000e+02
7.459701242212287298e+02	8.200000000000000000e+02
7.459987253390984279e+02	9.200000000000000000e+02
7.460273252079234680e+02	7.600000000000000000e+02
7.460559238275725420e+02	8.200000000000000000e+02
7.460845211979141141e+02	7.200000000000000000e+02
7.461131173188166485e+02	7.800000000000000000e+02
7.461417121901484961e+02	9.000000000000000000e+02
7.461703058117784622e+02	7.000000000000000000e+02
7.461988981835746699e+02	7.000000000000000000e+02
7.462274893054062659e+02	6.800000000000000000e+02
7.462560791771412596e+02	7.400000000000000000e+02
7.462846677986490249e+02	5.800000000000000000e+02
7.463132551697974577e+02	7.400000000000000000e+02
7.463418412904558181e+02	6.800000000000000000e+02
7.463704261604923431e+02	5.400000000000000000e+02
7.463990097797760654e+02	5.800000000000000000e+02
7.464275921481757905e+02	5.400000000000000000e+02
7.464561732655600963e+02	6.800000000000000000e+02
7.464847531317977882e+02	5.600000000000000000e+02
7.465133317467580127e+02	5.400000000000000000e+02
7.465419091103091205e+02	6.200000000000000000e+02
7.465704852223203716e+02	4.800000000000000000e+02
7.465990600826607988e+02	5.200000000000000000e+02
7.466276336911988665e+02	5.000000000000000000e+02
7.466562060478040621e+02	5.000000000000000000e+02
7.466847771523449637e+02	3.400000000000000000e+02
7.467133470046907178e+02	4.200000000000000000e+02
7.467419156047102433e+02	4.200000000000000000e+02
7.467704829522729142e+02	4.400000000000000000e+02
7.467990490472474221e+02	4.000000000000000000e+02
7.468276138895032545e+02	4.600000000000000000e+02
7.468561774789093306e+02	5.000000000000000000e+02
7.468847398153350241e+02	5.000000000000000000e+02
7.469133008986491404e+02	3.200000000000000000e+02
7.469418607287209397e+02	4.600000000000000000e+02
7.469704193054201369e+02	4.000000000000000000e+02
7.469989766286156510e+02	4.600000000000000000e+02
7.470275326981768558e+02	4.000000000000000000e+02
7.470560875139727841e+02	3.600000000000000000e+02
7.470846410758730372e+02	4.600000000000000000e+02
7.471131933837472161e+02	4.400000000000000000e+02
7.471417444374641263e+02	3.600000000000000000e+02
7.471702942368937101e+02	3.800000000000000000e+02
7.471988427819051140e+02	3.600000000000000000e+02
7.472273900723679390e+02	3.000000000000000000e+02
7.472559361081514453e+02	3.600000000000000000e+02
7.472844808891254615e+02	3.800000000000000000e+02
7.473130244151593615e+02	2.600000000000000000e+02
7.473415666861227464e+02	3.800000000000000000e+02
7.473701077018852175e+02	3.400000000000000000e+02
7.473986474623163758e+02	2.800000000000000000e+02
7.474271859672858227e+02	3.400000000000000000e+02
7.474557232166632730e+02	3.000000000000000000e+02
7.474842592103185552e+02	3.000000000000000000e+02
7.475127939481209296e+02	3.000000000000000000e+02
7.475413274299406794e+02	2.800000000000000000e+02
7.475698596556474058e+02	3.000000000000000000e+02
7.475983906251107101e+02	2.600000000000000000e+02
7.476269203382006481e+02	2.800000000000000000e+02
7.476554487947868211e+02	2.600000000000000000e+02
7.476839759947392849e+02	2.600000000000000000e+02
7.477125019379279820e+02	2.600000000000000000e+02
7.477410266242226271e+02	2.800000000000000000e+02
7.477695500534932762e+02	2.200000000000000000e+02
7.477980722256098716e+02	3.200000000000000000e+02
7.478265931404426965e+02	2.600000000000000000e+02
7.478551127978613522e+02	2.400000000000000000e+02
7.478836311977358946e+02	2.000000000000000000e+02
7.479121483399367207e+02	2.400000000000000000e+02
7.479406642243337728e+02	2.000000000000000000e+02
7.479691788507969932e+02	2.600000000000000000e+02
7.479976922191968924e+02	2.000000000000000000e+02
7.480262043294034129e+02	1.400000000000000000e+02
7.480547151812867241e+02	1.600000000000000000e+02
7.480832247747171095e+02	6.000000000000000000e+01
7.481117331095649661e+02	1.400000000000000000e+02
7.481402401857001223e+02	1.800000000000000000e+02
7.481687460029934300e+02	2.400000000000000000e+02
7.481972505613149451e+02	1.600000000000000000e+02
7.482257538605350646e+02	2.000000000000000000e+02
7.482542559005239582e+02	2.200000000000000000e+02
7.482827566811523639e+02	6.000000000000000000e+01
7.483112562022905649e+02	1.600000000000000000e+02
7.483397544638089585e+02	2.200000000000000000e+02
7.483682514655781688e+02	2.200000000000000000e+02
7.483967472074683656e+02	1.200000000000000000e+02
7.484252416893506279e+02	1.200000000000000000e+02
7.484537349110947844e+02	1.800000000000000000e+02
7.484822268725721415e+02	1.400000000000000000e+02
7.485107175736529825e+02	1.600000000000000000e+02
7.485392070142078182e+02	1.400000000000000000e+02
7.485676951941075004e+02	1.800000000000000000e+02
7.485961821132225396e+02	2.000000000000000000e+02
7.486246677714239013e+02	1.200000000000000000e+02
7.486531521685820962e+02	2.200000000000000000e+02
7.486816353045678625e+02	6.000000000000000000e+01
7.487101171792520518e+02	4.000000000000000000e+01
7.487385977925054021e+02	1.400000000000000000e+02
7.487670771441989928e+02	1.200000000000000000e+02
7.487955552342035617e+02	1.200000000000000000e+02
7.488240320623897333e+02	1.400000000000000000e+02
7.488525076286288140e+02	1.600000000000000000e+02
7.488809819327915420e+02	1.600000000000000000e+02
7.489094549747488827e+02	8.000000000000000000e+01
7.489379267543716878e+02	1.600000000000000000e+02
7.489663972715312639e+02	2.000000000000000000e+02
7.489948665260983489e+02	1.000000000000000000e+02
7.490233345179442495e+02	8.000000000000000000e+01
7.490518012469399309e+02	1.400000000000000000e+02
7.490802667129564725e+02	1.000000000000000000e+02
7.491087309158652943e+02	1.800000000000000000e+02
7.491371938555371344e+02	1.800000000000000000e+02
7.491656555318434130e+02	1.200000000000000000e+02
7.491941159446553229e+02	1.000000000000000000e+02
7.492225750938441706e+02	6.000000000000000000e+01
7.492510329792810353e+02	6.000000000000000000e+01
7.492794896008372234e+02	6.000000000000000000e+01
7.493079449583843825e+02	1.000000000000000000e+02
7.493363990517935918e+02	2.200000000000000000e+02
7.493648518809361576e+02	6.000000000000000000e+01
7.493933034456835003e+02	8.000000000000000000e+01
7.494217537459071536e+02	6.000000000000000000e+01
7.494502027814785379e+02	1.000000000000000000e+02
7.494786505522690732e+02	8.000000000000000000e+01
7.495070970581502934e+02	1.400000000000000000e+02
7.495355422989936187e+02	1.000000000000000000e+02
7.495639862746708104e+02	1.600000000000000000e+02
7.495924289850532887e+02	4.000000000000000000e+01
7.496208704300124737e+02	1.000000000000000000e+02
7.496493106094204677e+02	1.200000000000000000e+02
7.496777495231482362e+02	8.000000000000000000e+01
7.497061871710681089e+02	1.400000000000000000e+02
7.497346235530517333e+02	1.200000000000000000e+02
7.497630586689701886e+02	0.000000000000000000e+00
7.497914925186959181e+02	8.000000000000000000e+01
7.498199251021002283e+02	8.000000000000000000e+01
7.498483564190554489e+02	1.000000000000000000e+02
7.498767864694327727e+02	4.000000000000000000e+01
7.499052152531044158e+02	8.000000000000000000e+01
7.499336427699423666e+02	6.000000000000000000e+01
7.499620690198181592e+02	8.000000000000000000e+01
7.499904940026040094e+02	4.000000000000000000e+01
7.500189177181719060e+02	8.000000000000000000e+01
7.500473401663936102e+02	0.000000000000000000e+00
7.500757613471413379e+02	0.000000000000000000e+00
7.501041812602867367e+02	6.000000000000000000e+01
7.501325999057023637e+02	4.000000000000000000e+01
7.501610172832599801e+02	4.000000000000000000e+01
7.501894333928318019e+02	1.000000000000000000e+02
7.502178482342899315e+02	1.400000000000000000e+02
7.502462618075065848e+02	1.200000000000000000e+02
7.502746741123537504e+02	4.000000000000000000e+01
7.503030851487039854e+02	8.000000000000000000e+01
7.503314949164291647e+02	1.400000000000000000e+02
7.503599034154018455e+02	8.000000000000000000e+01
7.503883106454940162e+02	4.000000000000000000e+01
7.504167166065782340e+02	8.000000000000000000e+01
7.504451212985267148e+02	4.000000000000000000e+01
7.504735247212119020e+02	1.000000000000000000e+02
7.505019268745061254e+02	1.000000000000000000e+02
7.505303277582818282e+02	6.000000000000000000e+01
7.505587273724114539e+02	1.200000000000000000e+02
7.505871257167673321e+02	2.000000000000000000e+01
7.506155227912220198e+02	6.000000000000000000e+01
7.506439185956481879e+02	2.000000000000000000e+01
7.506723131299182796e+02	1.200000000000000000e+02
7.507007063939047384e+02	6.000000000000000000e+01
7.507290983874803487e+02	-2.000000000000000000e+01
7.507574891105176675e+02	1.400000000000000000e+02
7.507858785628892520e+02	8.000000000000000000e+01
7.508142667444678864e+02	4.000000000000000000e+01
7.508426536551260142e+02	2.000000000000000000e+01
7.508710392947369883e+02	-2.000000000000000000e+01
7.508994236631727972e+02	8.000000000000000000e+01
7.509278067603064528e+02	6.000000000000000000e+01
7.509561885860110806e+02	8.000000000000000000e+01
7.509845691401592376e+02	6.000000000000000000e+01
7.510129484226235945e+02	1.400000000000000000e+02
7.510413264332773906e+02	4.000000000000000000e+01
7.510697031719934103e+02	1.000000000000000000e+02
7.510980786386443242e+02	4.000000000000000000e+01
7.511264528331033716e+02	1.000000000000000000e+02
7.511548257552434507e+02	0.000000000000000000e+00
7.511831974049374594e+02	0.000000000000000000e+00
7.512115677820587507e+02	1.200000000000000000e+02
7.512399368864799953e+02	4.000000000000000000e+01
7.512683047180744325e+02	8.000000000000000000e+01
7.512966712767151876e+02	1.000000000000000000e+02
7.513250365622753861e+02	2.000000000000000000e+01
7.513534005746281537e+02	4.000000000000000000e+01
7.513817633136466156e+02	1.200000000000000000e+02
7.514101247792040112e+02	1.000000000000000000e+02
7.514384849711736933e+02	1.400000000000000000e+02
7.514668438894287874e+02	2.000000000000000000e+01
7.514952015338426463e+02	8.000000000000000000e+01
7.515235579042883955e+02	0.000000000000000000e+00
7.515519130006397290e+02	6.000000000000000000e+01
7.515802668227696586e+02	1.000000000000000000e+02
7.516086193705518781e+02	2.000000000000000000e+01
7.516369706438595131e+02	-2.000000000000000000e+01
7.516653206425662574e+02	8.000000000000000000e+01
7.516936693665453504e+02	8.000000000000000000e+01
7.517220168156703721e+02	1.600000000000000000e+02
7.517503629898147892e+02	1.000000000000000000e+02
7.517787078888524093e+02	2.000000000000000000e+01
7.518070515126562441e+02	4.000000000000000000e+01
7.518353938611004423e+02	2.000000000000000000e+01
7.518637349340582432e+02	0.000000000000000000e+00
7.518920747314035680e+02	0.000000000000000000e+00
7.519204132530099969e+02	6.000000000000000000e+01
7.519487504987512239e+02	4.000000000000000000e+01
7.519770864685008291e+02	6.000000000000000000e+01
7.520054211621328477e+02	1.200000000000000000e+02
7.520337545795206324e+02	4.000000000000000000e+01
7.520620867205383320e+02	4.000000000000000000e+01
7.520904175850596403e+02	8.000000000000000000e+01
7.521187471729582512e+02	6.000000000000000000e+01
7.521470754841085409e+02	1.600000000000000000e+02
7.521754025183839758e+02	4.000000000000000000e+01
7.522037282756584773e+02	0.000000000000000000e+00
7.522320527558061940e+02	1.400000000000000000e+02
7.522603759587008199e+02	4.000000000000000000e+01
7.522886978842167309e+02	1.400000000000000000e+02
7.523170185322277348e+02	1.200000000000000000e+02
7.523453379026079801e+02	4.000000000000000000e+01
7.523736559952313883e+02	6.000000000000000000e+01
7.524019728099723352e+02	8.000000000000000000e+01
7.524302883467045149e+02	1.400000000000000000e+02
7.524586026053026444e+02	4.000000000000000000e+01
7.524869155856405314e+02	2.000000000000000000e+01
7.525152272875924382e+02	0.000000000000000000e+00
7.525435377110325135e+02	1.400000000000000000e+02
7.525718468558353607e+02	6.000000000000000000e+01
7.526001547218746737e+02	6.000000000000000000e+01
7.526284613090255107e+02	1.200000000000000000e+02
7.526567666171616793e+02	-2.000000000000000000e+01
7.526850706461576692e+02	2.000000000000000000e+01
7.527133733958879702e+02	4.000000000000000000e+01
7.527416748662267310e+02	2.000000000000000000e+01
7.527699750570487822e+02	8.000000000000000000e+01
7.527982739682283864e+02	8.000000000000000000e+01
7.528265715996400331e+02	8.000000000000000000e+01
7.528548679511579849e+02	8.000000000000000000e+01
7.528831630226574134e+02	6.000000000000000000e+01
7.529114568140122401e+02	6.000000000000000000e+01
7.529397493250974094e+02	0.000000000000000000e+00
7.529680405557874110e+02	6.000000000000000000e+01
7.529963305059570757e+02	2.000000000000000000e+01
7.530246191754810070e+02	-2.000000000000000000e+01
7.530529065642336946e+02	2.000000000000000000e+01
7.530811926720900829e+02	4.000000000000000000e+01
7.531094774989248890e+02	-6.000000000000000000e+01
7.531377610446127164e+02	0.000000000000000000e+00
7.531660433090285096e+02	2.000000000000000000e+01
7.531943242920470993e+02	4.000000000000000000e+01
7.532226039935434301e+02	6.000000000000000000e+01
7.532508824133921053e+02	4.000000000000000000e+01
7.532791595514684104e+02	2.000000000000000000e+01
7.533074354076467216e+02	1.000000000000000000e+02
7.533357099818026654e+02	1.200000000000000000e+02
7.533639832738107316e+02	8.000000000000000000e+01
7.533922552835460920e+02	-6.000000000000000000e+01
7.534205260108839184e+02	6.000000000000000000e+01
7.534487954556990417e+02	1.400000000000000000e+02
7.534770636178665200e+02	6.000000000000000000e+01
7.535053304972616388e+02	-6.000000000000000000e+01
7.535335960937594564e+02	6.000000000000000000e+01
7.535618604072352582e+02	8.000000000000000000e+01
7.535901234375642161e+02	2.000000000000000000e+01
7.536183851846210473e+02	-2.000000000000000000e+01
7.536466456482817193e+02	1.600000000000000000e+02
7.536749048284210630e+02	1.200000000000000000e+02
7.537031627249144776e+02	6.000000000000000000e+01
7.537314193376373623e+02	6.000000000000000000e+01
7.537596746664648890e+02	0.000000000000000000e+00
7.537879287112725706e+02	8.000000000000000000e+01
7.538161814719358063e+02	6.000000000000000000e+01
7.538444329483297679e+02	2.000000000000000000e+01
7.538726831403301958e+02	0.000000000000000000e+00
7.539009320478123755e+02	8.000000000000000000e+01
7.539291796706521609e+02	4.000000000000000000e+01
7.539574260087244966e+02	-2.000000000000000000e+01
7.539856710619054638e+02	0.000000000000000000e+00
7.540139148300703482e+02	-6.000000000000000000e+01
7.540421573130945490e+02	4.000000000000000000e+01
7.540703985108541474e+02	2.000000000000000000e+01
7.540986384232247701e+02	-8.000000000000000000e+01
7.541268770500818164e+02	1.600000000000000000e+02
7.541551143913009128e+02	8.000000000000000000e+01
7.541833504467584817e+02	2.000000000000000000e+01
7.542115852163293539e+02	1.000000000000000000e+02
7.542398186998898382e+02	-8.000000000000000000e+01
7.542680508973156748e+02	4.000000000000000000e+01
7.542962818084827177e+02	2.000000000000000000e+01
7.543245114332665935e+02	1.000000000000000000e+02
7.543527397715434972e+02	2.000000000000000000e+01
7.543809668231891692e+02	-4.000000000000000000e+01
7.544091925880796907e+02	2.000000000000000000e+01
7.544374170660910295e+02	8.000000000000000000e+01
7.544656402570988121e+02	4.000000000000000000e+01
7.544938621609794609e+02	6.000000000000000000e+01
7.545220827776087162e+02	-6.000000000000000000e+01
7.545503021068628868e+02	2.000000000000000000e+01
7.545785201486180540e+02	4.000000000000000000e+01
7.546067369027501854e+02	-6.000000000000000000e+01
7.546349523691355898e+02	-4.000000000000000000e+01
7.546631665476503485e+02	-2.000000000000000000e+01
7.546913794381704292e+02	-2.000000000000000000e+01
7.547195910405725954e+02	6.000000000000000000e+01
7.547478013547327009e+02	-2.000000000000000000e+01
7.547760103805269409e+02	8.000000000000000000e+01
7.548042181178318515e+02	-2.000000000000000000e+01
7.548324245665237413e+02	8.000000000000000000e+01
7.548606297264789191e+02	0.000000000000000000e+00
7.548888335975735799e+02	8.000000000000000000e+01
7.549170361796846009e+02	2.000000000000000000e+01
7.549452374726878361e+02	8.000000000000000000e+01
7.549734374764601625e+02	1.200000000000000000e+02
7.550016361908778890e+02	1.000000000000000000e+02
7.550298336158175516e+02	0.000000000000000000e+00
7.550580297511555727e+02	4.000000000000000000e+01
7.550862245967688295e+02	6.000000000000000000e+01
7.551144181525334034e+02	0.000000000000000000e+00
7.551426104183263988e+02	1.400000000000000000e+02
7.551708013940243518e+02	-1.000000000000000000e+02
7.551989910795035712e+02	4.000000000000000000e+01
7.552271794746410478e+02	0.000000000000000000e+00
7.552553665793136588e+02	6.000000000000000000e+01
7.552835523933978266e+02	1.000000000000000000e+02
7.553117369167704283e+02	-2.000000000000000000e+01
7.553399201493081137e+02	-2.000000000000000000e+01
7.553681020908879873e+02	-2.000000000000000000e+01
7.553962827413866989e+02	2.000000000000000000e+01
7.554244621006812395e+02	0.000000000000000000e+00
7.554526401686484860e+02	1.000000000000000000e+02
7.554808169451650883e+02	0.000000000000000000e+00
7.555089924301083784e+02	0.000000000000000000e+00
7.555371666233551196e+02	2.000000000000000000e+01
7.555653395247825301e+02	4.000000000000000000e+01
7.555935111342672599e+02	2.000000000000000000e+01
7.556216814516866407e+02	4.000000000000000000e+01
7.556498504769176634e+02	-4.000000000000000000e+01
7.556780182098375462e+02	2.000000000000000000e+01
7.557061846503232800e+02	4.000000000000000000e+01
7.557343497982519693e+02	1.400000000000000000e+02
7.557625136535010597e+02	4.000000000000000000e+01
7.557906762159476557e+02	-4.000000000000000000e+01
7.558188374854687481e+02	0.000000000000000000e+00
7.558469974619417826e+02	-2.000000000000000000e+01
7.558751561452440910e+02	-4.000000000000000000e+01
7.559033135352530053e+02	8.000000000000000000e+01
7.559314696318457436e+02	2.000000000000000000e+01
7.559596244348996379e+02	4.000000000000000000e+01
7.559877779442923611e+02	-2.000000000000000000e+01
7.560159301599010178e+02	-8.000000000000000000e+01
7.560440810816030535e+02	8.000000000000000000e+01
7.560722307092763685e+02	4.000000000000000000e+01
7.561003790427978402e+02	1.000000000000000000e+02
7.561285260820454823e+02	6.000000000000000000e+01
7.561566718268966270e+02	0.000000000000000000e+00
7.561848162772287196e+02	6.000000000000000000e+01
7.562129594329196607e+02	2.000000000000000000e+01
7.562411012938467820e+02	-8.000000000000000000e+01
7.562692418598878703e+02	-8.000000000000000000e+01
7.562973811309208259e+02	6.000000000000000000e+01
7.563255191068228669e+02	4.000000000000000000e+01
7.563536557874721211e+02	-6.000000000000000000e+01
7.563817911727462615e+02	-2.000000000000000000e+01
7.564099252625228473e+02	1.600000000000000000e+02
7.564380580566801200e+02	2.000000000000000000e+01
7.564661895550954114e+02	0.000000000000000000e+00
7.564943197576470766e+02	-6.000000000000000000e+01
7.565224486642125612e+02	4.000000000000000000e+01
7.565505762746697656e+02	6.000000000000000000e+01
7.565787025888970447e+02	2.000000000000000000e+01
7.566068276067720717e+02	4.000000000000000000e+01
7.566349513281730879e+02	4.000000000000000000e+01
7.566630737529776525e+02	4.000000000000000000e+01
7.566911948810641206e+02	2.000000000000000000e+01
7.567193147123106201e+02	2.000000000000000000e+01
7.567474332465951647e+02	1.000000000000000000e+02
7.567755504837956551e+02	-2.000000000000000000e+01
7.568036664237905597e+02	0.000000000000000000e+00
7.568317810664580065e+02	2.000000000000000000e+01
7.568598944116760094e+02	4.000000000000000000e+01
7.568880064593229235e+02	-4.000000000000000000e+01
7.569161172092768766e+02	-8.000000000000000000e+01
7.569442266614163373e+02	6.000000000000000000e+01
7.569723348156193197e+02	-4.000000000000000000e+01
7.570004416717646336e+02	6.000000000000000000e+01
7.570285472297301794e+02	6.000000000000000000e+01
7.570566514893945396e+02	1.200000000000000000e+02
7.570847544506359554e+02	-6.000000000000000000e+01
7.571128561133330095e+02	0.000000000000000000e+00
7.571409564773642842e+02	2.000000000000000000e+01
7.571690555426079072e+02	4.000000000000000000e+01
7.571971533089428021e+02	8.000000000000000000e+01
7.572252497762472103e+02	-2.000000000000000000e+01
7.572533449443997142e+02	0.000000000000000000e+00
7.572814388132791237e+02	-8.000000000000000000e+01
7.573095313827636801e+02	-2.000000000000000000e+01
7.573376226527323070e+02	-4.000000000000000000e+01
7.573657126230638141e+02	-4.000000000000000000e+01
7.573938012936365567e+02	-4.000000000000000000e+01
7.574218886643293445e+02	-4.000000000000000000e+01
7.574499747350208736e+02	6.000000000000000000e+01
7.574780595055902950e+02	-4.000000000000000000e+01
7.575061429759157363e+02	1.400000000000000000e+02
7.575342251458769169e+02	6.000000000000000000e+01
7.575623060153517372e+02	0.000000000000000000e+00
7.575903855842195753e+02	2.000000000000000000e+01
7.576184638523594685e+02	-2.000000000000000000e+01
7.576465408196499993e+02	-6.000000000000000000e+01
7.576746164859704322e+02	2.000000000000000000e+01
7.577026908511995771e+02	8.000000000000000000e+01
7.577307639152162437e+02	2.000000000000000000e+01
7.577588356778999241e+02	2.200000000000000000e+02
7.577869061391292007e+02	2.000000000000000000e+01
7.578149752987835654e+02	-2.000000000000000000e+01
7.578430431567420555e+02	0.000000000000000000e+00
7.578711097128833671e+02	0.000000000000000000e+00
7.578991749670872196e+02	-6.000000000000000000e+01
7.579272389192325363e+02	2.000000000000000000e+01
7.579553015691986957e+02	-2.000000000000000000e+01
7.579833629168646212e+02	1.000000000000000000e+02
7.580114229621099184e+02	6.000000000000000000e+01
7.580394817048138520e+02	8.000000000000000000e+01
7.580675391448554592e+02	0.000000000000000000e+00
7.580955952821143455e+02	-2.000000000000000000e+01
7.581236501164697756e+02	-6.000000000000000000e+01
7.581517036478012415e+02	0.000000000000000000e+00
7.581797558759882349e+02	-4.000000000000000000e+01
7.582078068009097933e+02	0.000000000000000000e+00
7.582358564224458632e+02	2.000000000000000000e+01
7.582639047404758230e+02	4.000000000000000000e+01
7.582919517548790509e+02	4.000000000000000000e+01
7.583199974655352662e+02	4.000000000000000000e+01
7.583480418723239609e+02	4.000000000000000000e+01
7.583760849751248543e+02	-1.000000000000000000e+02
7.584041267738173246e+02	6.000000000000000000e+01
7.584321672682814324e+02	-2.000000000000000000e+01
7.584602064583965557e+02	0.000000000000000000e+00
7.584882443440424140e+02	-2.000000000000000000e+01
7.585162809250989540e+02	8.000000000000000000e+01
7.585443162014456675e+02	6.000000000000000000e+01
7.585723501729626150e+02	-1.000000000000000000e+02
7.586003828395295159e+02	2.000000000000000000e+01
7.586284142010262030e+02	6.000000000000000000e+01
7.586564442573323959e+02	-8.000000000000000000e+01
7.586844730083282684e+02	0.000000000000000000e+00
7.587125004538936537e+02	6.000000000000000000e+01
7.587405265939082710e+02	1.000000000000000000e+02
7.587685514282524082e+02	1.200000000000000000e+02
7.587965749568060119e+02	2.000000000000000000e+01
7.588245971794489151e+02	4.000000000000000000e+01
7.588526180960614056e+02	-2.000000000000000000e+01
7.588806377065233164e+02	-4.000000000000000000e+01
7.589086560107150490e+02	-2.000000000000000000e+01
7.589366730085164363e+02	1.000000000000000000e+02
7.589646886998081072e+02	-4.000000000000000000e+01
7.589927030844695537e+02	1.200000000000000000e+02
7.590207161623815182e+02	6.000000000000000000e+01
7.590487279334240611e+02	-8.000000000000000000e+01
7.590767383974774702e+02	4.000000000000000000e+01
7.591047475544220333e+02	0.000000000000000000e+00
7.591327554041381518e+02	-1.200000000000000000e+02
7.591607619465059997e+02	2.000000000000000000e+01
7.591887671814060923e+02	4.000000000000000000e+01
7.592167711087187172e+02	8.000000000000000000e+01
7.592447737283242759e+02	2.000000000000000000e+01
7.592727750401032836e+02	0.000000000000000000e+00
7.593007750439364827e+02	1.200000000000000000e+02
7.593287737397038200e+02	-4.000000000000000000e+01
7.593567711272862653e+02	2.000000000000000000e+01
7.593847672065639927e+02	-2.000000000000000000e+01
7.594127619774180857e+02	4.000000000000000000e+01
7.594407554397287186e+02	6.000000000000000000e+01
7.594687475933766336e+02	-8.000000000000000000e+01
7.594967384382426872e+02	2.000000000000000000e+01
7.595247279742073943e+02	-2.000000000000000000e+01
7.595527162011513838e+02	8.000000000000000000e+01
7.595807031189556255e+02	-4.000000000000000000e+01
7.596086887275005211e+02	4.000000000000000000e+01
7.596366730266672675e+02	-1.000000000000000000e+02
7.596646560163363802e+02	8.000000000000000000e+01
7.596926376963888288e+02	0.000000000000000000e+00
7.597206180667054696e+02	4.000000000000000000e+01
7.597485971271672724e+02	-2.000000000000000000e+01
7.597765748776550936e+02	-2.000000000000000000e+01
7.598045513180497892e+02	6.000000000000000000e+01
7.598325264482325565e+02	0.000000000000000000e+00
7.598605002680840244e+02	1.400000000000000000e+02
7.598884727774856174e+02	0.000000000000000000e+00
7.599164439763180781e+02	8.000000000000000000e+01
7.599444138644629447e+02	1.400000000000000000e+02
7.599723824418007325e+02	4.000000000000000000e+01
7.600003497082128661e+02	1.800000000000000000e+02
7.600283156635805426e+02	-6.000000000000000000e+01
7.600562803077848457e+02	1.000000000000000000e+02
7.600842436407070863e+02	1.200000000000000000e+02
7.601122056622283480e+02	1.800000000000000000e+02
7.601401663722299418e+02	1.400000000000000000e+02
7.601681257705934058e+02	-6.000000000000000000e+01
7.601960838571997101e+02	-2.000000000000000000e+01
7.602240406319305066e+02	1.200000000000000000e+02
7.602519960946667652e+02	2.000000000000000000e+01
7.602799502452902516e+02	4.000000000000000000e+01
7.603079030836821630e+02	0.000000000000000000e+00
7.603358546097240378e+02	4.000000000000000000e+01
7.603638048232975279e+02	-2.000000000000000000e+01
7.603917537242838307e+02	1.000000000000000000e+02
7.604197013125644844e+02	-8.000000000000000000e+01
7.604476475880212547e+02	-1.200000000000000000e+02
7.604755925505355663e+02	0.000000000000000000e+00
7.605035361999891848e+02	1.000000000000000000e+02
7.605314785362634211e+02	1.000000000000000000e+02
7.605594195592402684e+02	-1.000000000000000000e+02
7.605873592688013787e+02	0.000000000000000000e+00
7.606152976648281765e+02	-6.000000000000000000e+01
7.606432347472027686e+02	2.000000000000000000e+01
7.606711705158066934e+02	1.000000000000000000e+02
7.606991049705218302e+02	1.000000000000000000e+02
7.607270381112297173e+02	8.000000000000000000e+01
7.607549699378124615e+02	4.000000000000000000e+01
7.607829004501520558e+02	2.000000000000000000e+01
7.608108296481303796e+02	2.000000000000000000e+01
7.608387575316290850e+02	1.400000000000000000e+02
7.608666841005301649e+02	-4.000000000000000000e+01
7.608946093547157261e+02	-4.000000000000000000e+01
7.609225332940676481e+02	2.000000000000000000e+01
7.609504559184680375e+02	-2.000000000000000000e+01
7.609783772277991147e+02	2.000000000000000000e+01
7.610062972219428730e+02	1.000000000000000000e+02
7.610342159007810778e+02	-2.000000000000000000e+01
7.610621332641961772e+02	0.000000000000000000e+00
7.610900493120701640e+02	-4.000000000000000000e+01
7.611179640442855998e+02	-8.000000000000000000e+01
7.611458774607243640e+02	8.000000000000000000e+01
7.611737895612685634e+02	2.000000000000000000e+01
7.612017003458008730e+02	0.000000000000000000e+00
7.612296098142031724e+02	4.000000000000000000e+01
7.612575179663581366e+02	-4.000000000000000000e+01
7.612854248021479862e+02	4.000000000000000000e+01
7.613133303214549414e+02	1.800000000000000000e+02
7.613412345241615640e+02	1.200000000000000000e+02
7.613691374101501879e+02	4.000000000000000000e+01
7.613970389793032609e+02	-4.000000000000000000e+01
7.614249392315033447e+02	-2.000000000000000000e+01
7.614528381666330006e+02	4.000000000000000000e+01
7.614807357845745628e+02	1.000000000000000000e+02
7.615086320852104791e+02	1.600000000000000000e+02
7.615365270684237657e+02	1.800000000000000000e+02
7.615644207340967569e+02	-4.000000000000000000e+01
7.615923130821121276e+02	-4.000000000000000000e+01
7.616202041123525532e+02	2.000000000000000000e+01
7.616480938247005952e+02	-4.000000000000000000e+01
7.616759822190390423e+02	4.000000000000000000e+01
7.617038692952509109e+02	1.000000000000000000e+02
7.617317550532184214e+02	1.000000000000000000e+02
7.617596394928248174e+02	-2.200000000000000000e+02
7.617875226139527740e+02	1.200000000000000000e+02
7.618154044164850802e+02	6.000000000000000000e+01
7.618432849003046385e+02	1.200000000000000000e+02
7.618711640652944652e+02	1.200000000000000000e+02
7.618990419113371217e+02	8.000000000000000000e+01
7.619269184383161928e+02	2.000000000000000000e+01
7.619547936461141262e+02	-6.000000000000000000e+01
7.619826675346140519e+02	2.000000000000000000e+01
7.620105401036989861e+02	0.000000000000000000e+00
7.620384113532521724e+02	1.200000000000000000e+02
7.620662812831565134e+02	1.200000000000000000e+02
7.620941498932950253e+02	-2.600000000000000000e+02
7.621220171835511792e+02	6.000000000000000000e+01
7.621498831538078775e+02	1.400000000000000000e+02
7.621777478039484777e+02	1.200000000000000000e+02
7.622056111338559958e+02	2.000000000000000000e+01
7.622334731434136756e+02	2.000000000000000000e+01
7.622613338325048744e+02	2.000000000000000000e+01
7.622891932010130631e+02	-1.000000000000000000e+02
7.623170512488212580e+02	-4.000000000000000000e+01
7.623449079758129301e+02	1.600000000000000000e+02
7.623727633818715503e+02	0.000000000000000000e+00
7.624006174668805897e+02	1.000000000000000000e+02
7.624284702307230646e+02	4.000000000000000000e+01
7.624563216732827868e+02	2.000000000000000000e+01
7.624841717944431139e+02	6.000000000000000000e+01
7.625120205940876303e+02	0.000000000000000000e+00
7.625398680720996936e+02	2.000000000000000000e+02
7.625677142283631156e+02	1.000000000000000000e+02
7.625955590627612537e+02	-1.400000000000000000e+02
7.626234025751779200e+02	-8.000000000000000000e+01
7.626512447654965854e+02	-6.000000000000000000e+01
7.626790856336009483e+02	-1.800000000000000000e+02
7.627069251793748208e+02	1.000000000000000000e+02
7.627347634027019012e+02	1.400000000000000000e+02
7.627626003034658879e+02	1.000000000000000000e+02
7.627904358815503656e+02	1.800000000000000000e+02
7.628182701368393737e+02	8.000000000000000000e+01
7.628461030692167242e+02	4.000000000000000000e+01
7.628739346785661155e+02	4.000000000000000000e+01
7.629017649647717008e+02	1.200000000000000000e+02
7.629295939277170646e+02	-1.600000000000000000e+02
7.629574215672861328e+02	1.600000000000000000e+02
7.629852478833633995e+02	1.200000000000000000e+02
7.630130728758322221e+02	1.400000000000000000e+02
7.630408965445767535e+02	1.800000000000000000e+02
7.630687188894813744e+02	1.000000000000000000e+02
7.630965399104296694e+02	-1.800000000000000000e+02
7.631243596073062463e+02	-1.000000000000000000e+02
7.631521779799948035e+02	2.400000000000000000e+02
7.631799950283794942e+02	0.000000000000000000e+00
7.632078107523446988e+02	-2.600000000000000000e+02
7.632356251517745704e+02	1.000000000000000000e+02
7.632634382265533759e+02	-1.600000000000000000e+02
7.632912499765650409e+02	1.600000000000000000e+02
7.633190604016941734e+02	-2.000000000000000000e+01
7.633468695018249264e+02	2.000000000000000000e+02
7.633746772768419078e+02	-4.000000000000000000e+01
7.634024837266290433e+02	2.800000000000000000e+02
7.634302888510710545e+02	1.200000000000000000e+02
7.634580926500520945e+02	1.400000000000000000e+02
7.634858951234567712e+02	-1.800000000000000000e+02
7.635136962711693513e+02	1.000000000000000000e+02
7.635414960930745565e+02	-1.000000000000000000e+02
7.635692945890569945e+02	1.200000000000000000e+02
7.635970917590007048e+02	6.000000000000000000e+01
7.636248876027908636e+02	-2.200000000000000000e+02
7.636526821203116242e+02	2.800000000000000000e+02
7.636804753114477080e+02	4.000000000000000000e+01
7.637082671760840640e+02	8.000000000000000000e+01
7.637360577141048452e+02	6.000000000000000000e+01
7.637638469253951143e+02	-1.400000000000000000e+02
7.637916348098394792e+02	1.400000000000000000e+02
7.638194213673227750e+02	-2.000000000000000000e+01
7.638472065977298371e+02	6.000000000000000000e+01
7.638749905009451595e+02	2.400000000000000000e+02
7.639027730768539186e+02	2.000000000000000000e+02
7.639305543253407222e+02	3.400000000000000000e+02
7.639583342462906330e+02	-1.000000000000000000e+02
7.639861128395884862e+02	-2.000000000000000000e+01
7.640138901051193443e+02	2.800000000000000000e+02
7.640416660427679290e+02	-8.000000000000000000e+01
7.640694406524194164e+02	-4.000000000000000000e+01
7.640972139339587557e+02	0.000000000000000000e+00
7.641249858872710092e+02	0.000000000000000000e+00
7.641527565122413534e+02	1.000000000000000000e+02
7.641805258087547372e+02	6.000000000000000000e+01
7.642082937766964505e+02	-4.000000000000000000e+01
7.642360604159513287e+02	2.400000000000000000e+02
7.642638257264048889e+02	3.400000000000000000e+02
7.642915897079421939e+02	1.200000000000000000e+02
7.643193523604484199e+02	2.000000000000000000e+02
7.643471136838089706e+02	2.800000000000000000e+02
7.643748736779090223e+02	0.000000000000000000e+00
7.644026323426339786e+02	2.000000000000000000e+01
7.644303896778691296e+02	2.600000000000000000e+02
7.644581456834998789e+02	6.000000000000000000e+01
7.644859003594114029e+02	-1.400000000000000000e+02
7.645136537054894461e+02	8.000000000000000000e+01
7.645414057216191850e+02	-3.000000000000000000e+02
7.645691564076862505e+02	0.000000000000000000e+00
7.645969057635760464e+02	-4.000000000000000000e+01
7.646246537891742037e+02	-2.000000000000000000e+02
7.646524004843662397e+02	-8.000000000000000000e+01
7.646801458490376717e+02	2.800000000000000000e+02
7.647078898830741309e+02	1.000000000000000000e+02
7.647356325863612483e+02	2.800000000000000000e+02
7.647633739587846549e+02	2.000000000000000000e+02
7.647911140002302091e+02	-1.600000000000000000e+02
7.648188527105833145e+02	-6.000000000000000000e+01
7.648465900897300571e+02	4.000000000000000000e+02
7.648743261375560678e+02	1.600000000000000000e+02
7.649020608539468640e+02	0.000000000000000000e+00
7.649297942387886451e+02	-1.600000000000000000e+02
7.649575262919670422e+02	2.200000000000000000e+02
7.649852570133681411e+02	6.000000000000000000e+01
7.650129864028774591e+02	1.800000000000000000e+02
7.650407144603814231e+02	4.000000000000000000e+02
7.650684411857655505e+02	-2.000000000000000000e+01
7.650961665789160406e+02	1.600000000000000000e+02
7.651238906397188657e+02	0.000000000000000000e+00
7.651516133680598841e+02	-8.000000000000000000e+01
7.651793347638252953e+02	-3.000000000000000000e+02
7.652070548269014125e+02	-2.000000000000000000e+01
7.652347735571738667e+02	1.200000000000000000e+02
7.652624909545293121e+02	-3.200000000000000000e+02
7.652902070188534935e+02	3.000000000000000000e+02
7.653179217500328377e+02	8.000000000000000000e+01
7.653456351479534305e+02	-8.000000000000000000e+01
7.653733472125016988e+02	1.200000000000000000e+02
7.654010579435635009e+02	1.000000000000000000e+02
7.654287673410256048e+02	-2.000000000000000000e+01
7.654564754047742099e+02	4.000000000000000000e+01
7.654841821346955157e+02	2.400000000000000000e+02
7.655118875306760629e+02	-1.200000000000000000e+02
7.655395915926022781e+02	2.600000000000000000e+02
7.655672943203602472e+02	1.600000000000000000e+02
7.655949957138367381e+02	2.800000000000000000e+02
7.656226957729182914e+02	1.200000000000000000e+02
7.656503944974913338e+02	3.000000000000000000e+02
7.656780918874422923e+02	2.000000000000000000e+01
7.657057879426578211e+02	1.000000000000000000e+02
7.657334826630244606e+02	0.000000000000000000e+00
7.657611760484289789e+02	2.200000000000000000e+02
7.657888680987579164e+02	3.800000000000000000e+02
7.658165588138979274e+02	-2.000000000000000000e+02
7.658442481937357798e+02	-6.800000000000000000e+02
7.658719362381580140e+02	2.000000000000000000e+01
7.658996229470515118e+02	-1.000000000000000000e+02
7.659273083203031547e+02	2.000000000000000000e+02
7.659549923577994832e+02	3.200000000000000000e+02
7.659826750594274927e+02	-2.200000000000000000e+02
7.660103564250742920e+02	4.200000000000000000e+02
7.660380364546264218e+02	-2.000000000000000000e+01
7.660657151479707636e+02	2.600000000000000000e+02
7.660933925049944264e+02	-2.600000000000000000e+02
7.661210685255842918e+02	-4.400000000000000000e+02
7.661487432096275825e+02	-2.000000000000000000e+02
7.661764165570110663e+02	6.000000000000000000e+01
7.662040885676215112e+02	2.200000000000000000e+02
7.662317592413467082e+02	-1.200000000000000000e+02
7.662594285780730843e+02	2.000000000000000000e+02
7.662870965776884304e+02	2.800000000000000000e+02
7.663147632400790599e+02	1.200000000000000000e+02
7.663424285651328773e+02	-2.200000000000000000e+02
7.663700925527368781e+02	2.800000000000000000e+02
7.663977552027780575e+02	2.200000000000000000e+02
7.664254165151438656e+02	-6.000000000000000000e+01
7.664530764897217523e+02	-3.600000000000000000e+02
7.664807351263988267e+02	2.200000000000000000e+02
7.665083924250623113e+02	4.400000000000000000e+02
7.665360483855998837e+02	-2.200000000000000000e+02
7.665637030078985390e+02	6.000000000000000000e+01
7.665913562918460684e+02	-8.000000000000000000e+01
7.666190082373298083e+02	-2.000000000000000000e+01
7.666466588442372085e+02	1.400000000000000000e+02
7.666743081124557193e+02	2.000000000000000000e+01
7.667019560418729043e+02	2.600000000000000000e+02
7.667296026323763272e+02	-2.000000000000000000e+01
7.667572478838534380e+02	1.600000000000000000e+02
7.667848917961921416e+02	4.400000000000000000e+02
7.668125343692798879e+02	3.800000000000000000e+02
7.668401756030043543e+02	3.400000000000000000e+02
7.668678154972532184e+02	1.600000000000000000e+02
7.668954540519140437e+02	-1.400000000000000000e+02
7.669230912668749625e+02	-2.000000000000000000e+01
